ID,Income,Alpha,Beta,Demand,Consumption,Expenditure,Utility,Consumer_Surplus
0,1149.0142459033698,97.2347139765763,0.5647688538100692,8.79174488989611,8.79174488989611,286.1172778737534,178.19117418905122,-107.86291759112544
1,1456.9089569224075,95.31693250553329,0.4765863043050819,9.49114463306905,9.49114463306905,308.8784422578815,181.11369073690878,-127.69247612001487
2,1473.7638446522174,115.34869458305818,0.4530525614065048,10.778421728661643,10.778421728661643,350.7714024236691,231.84783345218216,-118.8105858229481
3,1162.7680130757894,90.73164614375075,0.4534270246429743,9.504407100113289,9.504407100113289,309.3100540728409,172.4224565792249,-136.81860512429694
4,1072.5886814698101,61.73439510684404,0.3275082167486967,9.228721885619969,9.228721885619969,300.33819420785306,115.65114485802317,-184.64281005300847
5,831.3137412277082,79.74337759331152,0.5314247332595274,8.174576357742627,8.174576357742627,266.03223416280224,141.23434413054878,-124.75315123610915
6,727.5927773436367,71.75392597329417,0.6465648768921555,6.975788273726734,6.975788273726734,227.01904762911374,117.52770870266895,-109.4621323457256
7,932.2671098540393,101.35056409375848,0.3575251813786543,11.401808751439066,11.401808751439066,371.0588197967416,208.7060224327319,-162.2416465671344
8,836.6851826424452,102.21845179419732,0.3849006422577697,11.02985205870467,11.02985205870467,358.9539148268082,207.43117836323967,-151.41786298716872
9,1112.7094055037016,87.9872262016239,0.4708306250206723,9.163615758518617,9.163615758518617,298.2193897961658,164.4895144709378,-133.6677165178465
10,819.4880163311809,137.04556369017877,0.4986502775262066,11.231241948970833,11.231241948970833,365.5079183739846,280.2610570605359,-85.10104821000186
11,682.6867213132299,116.45089824206377,0.37791563500289777,11.915715039548973,11.915715039548973,387.7833119285815,244.2751202736614,-143.36865411050084
12,1062.6590785014266,60.80659752240449,0.3671813951101569,8.620812531583177,8.620812531583177,280.5544798543018,110.37346574020367,-170.1430348886555
13,1059.058370760737,114.76933159990821,0.5171368281189971,10.056079404540446,10.056079404540448,327.26359799362046,223.49313631989216,-103.67268971817265
14,965.3055152835278,93.97792608821422,0.35214780096325726,11.064299843116276,11.064299843116274,360.0749785551197,190.9191060423397,-169.05884729778816
15,784.0467374815873,90.78722458080425,0.6057122226218916,8.167553116309067,8.167553116309067,265.80367080638257,160.74815698808993,-105.00466740365329
16,1103.0854868705385,64.73919689274533,0.5324083969394795,7.321722069156685,7.321722069156685,238.27706718183111,108.63274729837192,-129.6152539207976
17,884.475315875105,86.46155999388083,0.5611676288840868,8.289643877495134,8.289643877495134,269.77697493219245,154.15176303530166,-115.57531492947089
18,1309.2998567487853,118.62560238232398,0.41607824767773616,11.46659035783707,11.466590357837068,373.16706305345696,244.5915092011999,-128.44396809076517
19,907.2362872446356,106.62526862807128,0.5975545127122359,8.949025844997182,8.949025844997182,291.2358065956934,197.11365966060208,-94.05033561056985
20,856.247728646413,96.28682046672365,0.3893665025993972,10.629947384415074,10.629947384415075,345.93947477541127,192.25097620752757,-153.59678097608673
21,641.1380127757988,116.25051644788397,0.6356240028570823,9.08244485057914,9.08244485057914,295.5777754735215,216.19806725826612,-79.29904275413028
22,978.3969635258999,120.07065795784048,0.5361636025047634,10.10193781766444,10.10193781766444,328.75600757726596,234.30940406182128,-94.34337425837504
23,806.4640736184627,107.22791211016828,0.6538036566465969,8.574552056237916,8.574552056237916,279.04898561570724,194.16994567733366,-84.81278972388552
24,989.2521882670145,131.29287311628013,0.23802548959102554,16.111397271618152,16.111397271618152,524.326989446173,311.0522753999011,-212.98669005214134
25,1246.5707513125672,101.74094136476343,0.47009926495341325,9.921264181096653,9.921264181096653,322.8761908030399,196.96069427192424,-125.83114680288162
26,1027.5282329606507,60.248621707982146,0.4780328112162488,7.451712383468426,7.451712383468426,242.50745322539936,102.04858038882855,-140.43084200942315
27,1107.1337714535239,129.55788089483033,0.44817297817263524,11.533207719544393,11.533207719544393,375.33504886623183,267.95810519069397,-107.23154882090415
28,757.4519191320437,89.96485912830927,0.5915402117702074,8.23964782371239,8.23964782371239,268.14991056762153,159.87647595783235,-108.22214635376707
29,1098.6253328979053,89.40479592465923,0.5513267433113356,8.507470800387258,8.507470800387258,276.8659028988281,161.44315566566382,-115.36837770984306
30,1029.1232648044122,119.37289981065778,0.4297946906122648,11.289791711632757,11.289791711632759,367.4133534068228,244.69765552455834,-122.58735387205766
31,901.7013560206696,92.15783693735685,0.35364850518678814,10.917149608805497,10.917149608805497,355.28614254966755,186.21584065134692,-168.9776826588364
32,1088.836083119373,105.22110544359779,0.500511345664246,9.770024962608051,9.770024962608051,317.954283486161,202.31052745909105,-115.55917803942603
33,929.623859987456,71.69258515899172,0.4579354677234641,8.369995019696361,8.369995019696361,272.3919109168663,128.33155900097182,-144.01816429701668
34,897.1856450419691,83.95445461556761,0.48387142883339906,8.822316050778758,8.822316050778758,287.1121813249712,154.14583682753144,-132.91140495298603
35,1121.2152570443616,137.7237180242106,0.5174577812831839,11.059725513811538,11.059725513811538,359.92611224187243,279.62019399932706,-80.16384690029491
36,1077.2651172168294,98.51108168467665,0.30812287847009584,12.148956549088131,12.148956549088131,395.3738899801812,208.32021992264217,-186.93094349494177
37,992.0458373652349,101.20460419882053,0.7463242112485287,7.743116135109788,7.743116135109788,251.99085489662448,174.6920688773172,-77.24790065494963
38,942.2917105656633,106.03094684667225,0.49652882302947565,9.844974712442026,9.844974712442028,320.39343733654863,204.62083535574115,-115.68605128914587
39,649.3965887141403,122.85645629030041,0.5751933032686775,9.838009543858131,9.83800954385813,320.1667638945739,237.10332041082233,-82.96330131994463
40,1237.309584112914,81.81225090410521,0.64027943109361,7.49022597780143,7.49022597780143,243.76083408547836,139.0675935278015,-104.6547780069429
41,579.4446811623158,111.73714187600541,0.7190455625809978,8.33312988664337,8.33312988664337,271.1921773429659,199.64149376115097,-71.48551513917533
42,702.8391024607935,88.67404540794456,0.5099651365087641,8.833433436301515,8.833433436301515,287.47398391622926,162.89773439582365,-124.51807388929484
43,848.9573037651403,68.98673137867735,0.5068562974806027,7.774141308118856,7.774141308118856,253.00053365301318,119.19298527536492,-133.77258044052735
44,681.3088858821685,109.47184861270364,0.4080575765766197,11.096096885426705,11.096096885426705,361.1097769147437,222.65906929090806,-138.3370322216508
45,1464.9803215052618,84.33493415327526,0.46779384837943244,9.003515239512042,9.003515239512042,293.0091015930833,156.29709590710186,-136.65450714357738
46,1244.055165210901,75.3827136713209,0.522745993460413,7.989806143257897,7.989806143257897,260.01909894759865,132.17678336896557,-127.8019324758368
47,1392.1428262847285,67.85033530877544,0.5184633858532304,7.6147230659359675,7.6147230659359675,247.81244936849228,116.0512616077719,-131.72820727128936
48,1077.964838274527,115.6364574355462,0.3763049289121918,11.891848312452037,11.891848312452037,387.00659660366586,242.42005276967203,-144.44853900034963
49,603.863016074717,110.43883131233795,0.5296984673233186,9.723442181814766,9.723442181814766,316.4383001855443,211.92812462211992,-104.42225385366066
50,1075.147855103763,106.9289641899395,0.4319975278421509,10.638352631260405,10.638352631260405,346.213013916658,213.54526391643722,-132.5657332284087
51,1069.676109148301,105.86144946597362,0.42856485819736323,10.617081123221691,10.617081123221693,345.52075702652684,211.31385545383807,-134.10630904852948
52,1559.732353343427,109.47665841823576,0.38086965027973513,11.503013773010945,11.503013773010945,374.35242142439785,226.13830852619253,-148.09189934258623
53,1196.966082590149,80.50636659545357,0.5787084603742452,7.8712903935362375,7.8712903935362375,256.1621394793481,139.87576536660077,-116.24452951015607
54,1347.5786737022213,83.5863536329658,0.5963376129244322,7.8678858000086835,7.8678858000086835,256.05134087855043,145.50644074062075,-110.50149263830292
55,1123.8342780809494,116.4412031998898,0.6896792982653948,8.702682360353391,8.702682360353391,283.218839755673,212.36724669900252,-70.77746452491974
56,926.3835651991388,84.9252767128502,0.4110485570374477,9.678767913529121,9.678767913529121,314.98442724075716,162.61848825652763,-152.29895310818821
57,755.2569145103685,98.45796581171791,0.5341151974816644,9.1208975527184,9.1208975527184,296.8291746668283,183.4575834285547,-113.30268749045263
58,1083.0072397990057,116.54366498072048,0.5013001891877907,10.283481156272767,10.283481156272767,334.66412780928295,229.41241580553796,-105.14785814744366
59,1436.060223147195,94.70686333524088,0.7720169166589619,7.3695240668597535,7.3695240668597535,239.8327285017413,159.28576977954495,-80.5038742644623
60,1187.700204329502,82.85684887167434,0.39291075019388877,9.781195570880255,9.781195570880255,318.317818150902,159.42682888344345,-158.82423449803625
61,1144.7417245729555,95.53074429348298,0.5714000494092092,8.653522696364005,8.653522696364005,281.61899473992463,173.81063379313247,-107.74823559473003
62,1141.9712873720634,98.54342174686255,0.4153206281931595,10.387169364838389,10.387169364838389,338.03854191637294,194.89530682158906,-143.05363084375733
63,545.5458325942407,91.06970095865958,0.5856398794323472,8.331782967726552,8.331782967726552,271.14834340797086,162.74314189636436,-108.35210427336526
64,1064.2281232390612,75.08522442576023,0.5173180925851182,8.044890843822095,8.044890843822095,261.81176749921144,131.87171908374285,-129.89926229495276
65,1115.595213918651,82.32285127597734,0.5153725105945528,8.467474803117952,8.467474803117952,275.56427893136157,148.09918214837526,-127.41550795309266
66,1017.4626155338,77.14059404338754,0.5357787360348283,8.004030660719078,8.004030660719078,260.4820195925935,135.20534842810383,-125.23519753219071
67,1168.2353579104704,121.66102486350553,0.6053802052034903,9.549096901071996,9.549096901071994,310.7644325107002,231.43652563683577,-79.23451736020223
68,586.6991896128727,81.24349920169755,0.551503526720866,8.09491227526629,8.09491227526629,263.439657750737,143.22380025660604,-120.17117001001992
69,1154.1357852736626,110.30095372612095,0.8852731490654722,7.412308911373735,7.412308911373735,241.2251123117698,186.26853407501247,-54.90580818564777
70,1171.26715320795,122.71131280361197,0.5954001763493202,9.645862692886086,9.645862692886086,313.91356448528296,234.83565939208978,-78.98177665615108
71,1195.4173753917394,93.69461510719309,0.5758969220493267,8.522320568234944,8.522320568234944,277.3491716022364,169.32643556839966,-107.9655568220129
72,768.1524356387284,95.26362786519982,0.45146364521708965,9.77232878978959,9.77232878978959,318.02925890573107,183.32574429266984,-134.62690419798218
73,1024.5622418158969,146.29317133347018,0.31327348074082517,14.797437762896637,14.797437762896635,481.5656806752838,335.1512152822062,-146.14379756809262
74,1205.878057112354,67.74568257620697,0.45280681342105666,8.152229374899342,8.152229374899342,265.3049771757211,119.89575438966529,-145.37142471473857
75,1326.6851790902099,101.28560038190926,0.3922255222070694,10.88502563499267,10.88502563499267,354.2407045783751,204.23778204259528,-149.90173117508877
76,785.4088872220095,113.59195497869352,0.42696333682828636,11.053800102117552,11.053800102117552,359.7332764981837,230.60438328990804,-129.0118415817431
77,1064.9375768745924,100.91143679807628,0.43483996523941826,10.275527290010373,10.275527290010373,334.4052783326355,198.55833035902293,-135.75716414252543
78,1643.1832267975979,112.67838044636022,0.2974857413342393,13.279816038269175,13.279816038269173,432.17641811928036,247.13192634054317,-184.8766660011871
79,1055.9362944308282,86.76427070463224,0.5852433334796224,8.112001897995876,8.112001897995876,263.99581996842124,153.20198741864368,-110.74590461750586
80,762.2437784701898,97.70527117066202,0.5504987278980458,8.924197669588063,8.924197669588063,290.42780203555276,180.38881427848452,-109.97355166118601
81,1259.7265582510365,75.99407185888447,0.4665498764159052,8.554977595030808,8.554977595030808,278.41195717293937,137.37766434528618,-140.98755636299936
82,857.5164066517132,86.93341534852576,0.6765454240281097,7.536310589692369,7.536310589692369,245.26060504917606,147.98877628926118,-97.23044814457262
83,1121.4945132882867,74.78232091329909,0.5917861947054777,7.478374405865082,7.478374405865082,243.37513823745053,126.75232763488535,-116.58776553201652
84,1636.6468591037901,120.64930521102293,0.3480630034045986,12.673770527067337,12.673770527067337,412.45336039817244,259.64834519705386,-152.64139187629002
85,854.7297781401246,125.33822298373245,0.4292330534381219,11.582911590518172,11.582911590518172,376.95260447560236,259.81139919276654,-116.99932537672362
86,1133.1458284438686,115.49268106858673,0.4073069528421917,11.421153417393155,11.421153417393155,371.68836981593313,237.8421320976278,-133.7191451341257
87,982.14239318146,35.17465319861854,0.397561235866571,6.156798526276524,6.156798526276524,200.3659633913913,54.155901592096555,-146.198950772318
88,924.229554582052,75.04433636070301,0.6632411303931636,7.043391845674517,7.043391845674517,229.2191285257366,123.55327584935912,-105.63470382849229
89,570.9575866118103,91.19911026606033,0.5130740577286091,8.947966334166054,8.947966334166054,291.2013260279931,168.4380908895568,-122.7018278815176
90,1432.3819867198347,71.2827569764112,0.616316375215496,7.13056893263701,7.13056893263701,232.0562070723784,118.04573389766841,-113.98013893169524
91,1003.0699183058761,80.36982697904098,0.5462103474263271,8.106572518138606,8.106572518138606,263.8191270132958,141.64161694917996,-122.13317438798583
92,1059.717908672041,87.9956624568241,0.5069802084990019,8.82490181017566,8.82490181017566,287.19633190590173,161.58000659402023,-125.55870716220724
93,884.4059209414719,102.27034690502497,0.5662130674521046,9.02277323221857,9.02277323221857,293.63583093060504,189.62316093623767,-103.94264223486186
94,1475.8050448436056,75.24369002346302,0.7133033374656267,6.757181374708364,6.757181374708364,219.90473623190286,121.57658244030505,-98.29944159940203
95,414.3736601432495,96.96429809928833,0.5588317206484577,8.824207123691183,8.824207123691183,287.1737241291289,178.0344800447699,-109.07576349730795
96,1084.2975603205098,87.54600960358812,0.47918777496427245,9.062910724925985,9.062910724925985,294.9420597052048,162.77243457144104,-132.10914068269403
97,852.0997196023502,88.21270486111577,0.5849602097021025,8.19568158903011,8.19568158903011,266.71907976631957,156.4292184706785,-110.2401124661398
98,1107.1046457895143,86.14180809478691,0.589959987543325,8.062826908645704,8.062826908645704,262.39547620634147,151.51933095039593,-110.82914218476978
99,1092.1898562629829,116.2572423767792,0.5629628841923612,9.665869864714926,9.665869864714926,314.564675000125,222.58949702050083,-91.88372458656931
100,751.3014967233782,88.79637919606061,0.5747293605123261,8.311263896623695,8.311263896623695,270.4805737169742,158.4240450185703,-112.0050140462628
101,1183.1110796300395,99.58196812071704,0.5117327383308782,9.379842471642228,9.379842471642228,305.2562407668549,187.98544602542367,-117.1970589333651
102,1383.2994687365274,88.1685722232834,0.5547097381170037,8.41650368138284,8.41650368138284,273.9054820959595,158.420566796336,-115.43244863264746
103,939.3422042698318,95.6463759354556,0.609877685198719,8.370899939274942,8.370899939274942,272.4213604891367,171.28387635990185,-101.08118857568076
104,1247.624904696409,116.27019272001277,0.6305478807154329,9.124546942032321,9.124546942032321,296.94793986639644,216.6634285687303,-80.20307638493819
105,1006.3011524898277,113.63905942589928,0.4689733243406544,10.513739310533024,10.513739310533026,342.1576159769041,225.84199770342082,-116.20973904591739
106,1097.2499057465327,97.39713891264631,0.5096995964992718,9.272323246610613,9.272323246610613,301.7571506123515,183.06015689406667,-118.62653200863264
107,1178.5471076310741,83.63558633533054,0.709238727568546,7.206930601614294,7.206930601614294,234.54131021575856,139.21340007110982,-95.29154286690778
108,698.1947855500894,75.71622774424536,0.6158110873500068,7.359037878366969,7.359037878366968,239.49146749560418,127.42202800235428,-112.03509348796904
109,1237.4988081888807,112.4823963410431,0.562834550926428,9.506816588975045,9.506816588975045,309.388468130895,213.69258338544861,-95.61030940811531
110,996.3259681459256,82.05491257028336,0.5075804558193726,8.511313025436282,8.511313025436282,276.9909437167513,148.0568367383032,-128.88416162116226
111,796.8514865463665,119.50239466835502,0.48529426184978613,10.602678698434454,10.602678698434453,345.05204659116805,238.37334531672383,-106.56545636303909
112,752.3508409622466,93.57228316694014,0.5412931454275625,8.808373136351522,8.808373136351522,286.6584251285041,171.65009708132024,-114.94728968651532
113,830.8826341588076,83.55559208867137,0.5243687211491912,8.451192482059776,8.451192482059776,275.0343894228539,150.22582873006206,-124.75842448807612
114,1073.4899713326167,89.8611364925774,0.45289616943816774,9.467388643637726,9.467388643637726,308.1053307635865,170.42398465629887,-137.6135508249331
115,1069.6149812072908,71.03831317005351,0.3592536225623445,9.466082434673114,9.466082434673114,308.0628216874054,134.61635180132004,-173.39289028563033
116,784.4667336242692,95.73105696576306,0.5310907565598004,9.015637700677004,9.015637700677004,293.4036132211033,177.41051729784272,-115.92765031383965
117,1442.6068650848656,117.15319246404039,0.4840061470036573,10.506224045432004,10.506224045432003,341.91304027320325,232.76718249636488,-109.03686127774296
118,994.2951376291934,79.94941270724382,0.498148686400761,8.46341042301587,8.46341042301587,275.4320083314277,143.9988850244325,-131.38501082005087
119,913.4024083239585,106.45437120676179,0.4172769056447677,10.80620492724501,10.806204927245009,351.6755748318601,214.0688266165712,-137.50193579910294
120,1155.8039542723518,130.65477826005156,0.4891239851543142,11.081258530872052,11.081258530872054,360.626879643898,265.48504709460184,-95.00652527770336
121,1120.5135166296825,113.80287983422225,0.45987795281141636,10.639614593664927,10.639614593664927,346.2540830391681,227.26059171175564,-118.88489051332326
122,1067.227744543125,100.2518480156359,0.5097676098548831,9.444955412846472,9.444955412846472,307.3752669357241,189.72784573806877,-117.57214736451579
123,768.09706484336,100.49020348517885,0.549799829124545,9.063535647728699,9.063535647728699,294.96239710277865,186.85891625280362,-108.03404376312241
124,1435.3430823385124,119.18541652170414,0.7153182457511557,8.644942504370858,8.644942504370858,281.3397622090155,216.6665115816925,-64.59838745909568
125,769.7957311335852,117.44641273441357,0.5183342005738352,10.148061906642285,10.148061906642285,330.25706327758706,229.8148080913448,-100.34035200780744
126,1656.9408799653015,83.83403429289697,0.4160278157819224,9.572275279100692,9.572275279100692,311.5187463028032,159.5803711984472,-151.87370730755546
127,820.1822063667934,57.52208551380386,0.4474244978319239,7.535843119712102,7.535843119712102,245.24539177355027,97.93436099806263,-147.28365349435973
128,772.2602015338906,103.00787572952416,0.5341755975777159,9.326238591008071,9.326238591008071,303.51176380550214,194.02934777755416,-109.40701935458557
129,1562.851251764766,119.008476763721,0.4423096344337597,11.093790038299243,11.093790038299243,361.03470321448896,242.21548016638621,-118.69569646388985
130,730.4755985954926,109.83838343013011,0.36797667929793576,11.717272586107514,11.717272586107514,381.3252293403901,228.79357238221212,-152.40440825243434
131,1549.4376297563063,123.58880241442574,0.45308243478952953,11.18902588737449,11.18902588737449,364.1340449532057,252.31491487484163,-111.68862615783723
132,486.0596412727367,127.07744748330825,0.4885460154747382,10.918356142092845,10.918356142092845,355.3254077949816,256.66823341103714,-98.52943232337583
133,1371.3448935920385,68.11144682411266,0.4400624977046227,8.30162740060943,8.30162740060943,270.16696498032724,121.57363011125366,-148.55391291474047
134,1001.573109915455,100.93961187529484,0.45499345285207565,10.033456532324017,10.033456532324017,326.5273625025646,196.54485570084938,-129.89690534964467
135,1186.8549797042497,78.6475914123481,0.48576205149787066,8.49774891313775,8.49774891313775,276.5495152021353,141.96231795099482,-134.5394797416325
136,1036.0886895135698,110.28877668117498,0.571161487808889,9.328565610729187,9.328565610729186,303.5874939997357,207.81105152686342,-95.69567594155419
137,662.6073724486392,69.31771658528756,0.6277676821898509,6.9432205383068295,6.9432205383068295,225.95916794407367,113.38478748054976,-112.54643189034702
138,1099.6942035938775,85.03026926886892,0.6551151975522523,7.5695536524133225,7.5695536524133225,246.34246248851517,145.12647111437735,-101.17515461250736
139,1034.7023902878575,123.58594368127653,0.5067518481410109,10.556108693238478,10.556108693238478,343.53647905774795,245.9731913864089,-97.44720543950154
140,1618.2243774645963,135.10681684886407,0.47510358515209267,11.43712565555445,11.437125655554448,372.20816803136046,278.4145869747292,-93.64448624338388
141,1291.4712852863067,112.90751899170294,0.6368631557532349,8.92930360991809,8.92930360991809,290.5939690213456,208.39945182469245,-82.11881242634877
142,710.5229618259687,113.72102919996878,0.6058424486849587,9.192010899413821,9.192010899413821,299.1434771667075,212.82573038914842,-86.23690562902172
143,472.37815407306573,76.3348297466845,0.2960767822239899,10.857797054469225,10.857797054469225,353.3545815803468,153.86992504269125,-199.40877583236534
144,919.1779496666327,114.35084511591924,0.6502357052096028,8.897345770420403,8.897345770420403,289.55393770124743,210.648170689082,-78.82964693120098
145,1022.2284341259326,132.57231091142583,0.3619898541785108,13.03606061177443,13.03606061177443,424.2436766704488,288.6908149377547,-135.36260827905545
146,488.9852681934536,98.88904602206762,0.5384065448939307,9.090786684696099,9.090786684696099,295.84925092008064,184.09896284959902,-111.68154249124743
147,990.1915755717721,58.65115799920247,0.49108799604872116,7.241799581668438,7.241799581668438,235.67608127432186,97.95366768685261,-137.69665976865338
148,608.6591498485441,113.39345097660077,0.5366598246096849,9.78196627631355,9.78196627631355,318.34289987738276,218.2841507104228,-99.96737766369739
149,718.0360641017935,89.72266165326613,0.39407864781110485,10.171792692023669,10.171792692023669,331.0293545349154,175.7624703434211,-155.1886688873822
150,981.1962708180484,119.10284641002477,0.4014273953664456,11.69870882789742,11.69870882789742,380.7210930702075,247.7606540835231,-132.8228960863828
151,1151.2139546553533,89.39484763255118,0.4207127167737656,9.834474499902848,9.834474499902848,320.051719933868,172.31404042638437,-147.6648651225318
152,967.8908920136327,79.29515355161251,0.4446350694652818,8.95247704293447,8.95247704293447,291.3481218836808,146.57000815168175,-144.7246674926937
153,640.6366322233455,139.2945026583278,0.5035263551971728,11.2801976068145,11.2801976068145,367.1011242431456,285.2788105937082,-81.67280654879119
154,790.0823476022243,104.27959821468444,0.48876719503091703,9.832811174445572,9.832811174445574,319.99758891004814,201.19839011773752,-118.71428932323707
155,933.7091201400331,112.2833340008685,0.5757507710047305,9.382307677714376,9.382307677714376,305.3364680777692,212.0725715072208,-93.18071195405147
156,840.8496557168418,88.4836351871064,0.4724948302848356,9.198535017357205,9.198535017357205,299.3557971202395,165.5013713344273,-133.79143517904595
157,309.42365057932454,69.69617875602896,0.6366874267444524,6.91254917431847,6.912549174318471,224.96100349743358,113.7400118075356,-111.19314160926578
158,1493.4903140503852,95.01927920887243,0.5576556963055767,8.765689742032766,8.765689742032766,285.26934289899935,173.68831120438972,-111.51965387044129
159,1093.3750463630608,161.57761616910477,0.6119574911434577,10.986699038106169,10.986699038106169,357.54954914737834,327.45820575568496,-29.92687024010604
160,961.6247225557701,80.88919118799149,0.3393553679742427,10.431112825018023,10.431112825018023,339.468631547545,160.1488598425063,-179.24559283561504
161,1061.039090760167,84.87298509431393,0.3577746290402326,10.400935060772998,10.400935060772998,338.48653073977187,167.85112863592298,-170.55802228914754
162,806.028134727242,78.3690399277121,0.6687141635072564,7.182878437030172,7.182878437030172,233.75856004000113,130.23370182340312,-103.49101095318548
163,1264.4919270848352,99.84054717366766,0.6479944138890026,8.276485942905786,8.276485942905786,269.3487650063708,178.00534245794822,-91.28598911759195
164,1023.2104922942855,82.77431597343472,0.6523124077269657,7.4832845459998785,7.4832845459998785,243.5349331299253,140.4503751548728,-103.04571607421121
165,1161.6730131053976,79.25507691347087,0.4809661321916392,8.603026491593756,8.603026491593756,279.97565353374114,143.68389376144606,-136.2424636936174
166,737.3145239845728,72.34400538071327,0.5926177547531641,7.318222822333312,7.318222822333312,238.16318819782393,121.51859421446521,-116.61214511135749
167,1572.8249921410393,72.02864852361718,0.5562969236690571,7.539721722402389,7.539721722402389,245.3716164601849,122.85785392217609,-122.47944523689952
168,804.807229263452,90.25749232470608,0.4407606075761131,9.620370268291293,9.62037026829129,313.0839426954324,172.4649793806535,-140.54863413635718
169,740.8027690960553,100.97043255889653,0.4169049883588962,10.517073036685002,10.517073036685,342.26610828005033,200.6412563543975,-141.53071623259834
170,1081.1370477339517,98.99523781101726,0.47610519531335904,9.70094223374764,9.70094223374764,315.70606512027695,189.8461187812329,-125.78150187957033
171,727.7309013875206,88.46457338863334,0.5755391225825757,8.274139867095313,8.274139867095313,269.2724146535131,157.62873142376876,-111.59282297454808
172,1150.2751562873143,80.44889510402898,0.5099332305429226,8.412576264138576,8.412576264138576,273.77766879551956,144.28147070323013,-129.44837028159864
173,1225.4161370115366,66.61189437757257,0.5543360192379935,7.267603433154817,7.267603433154817,236.51583809602243,111.42832755065547,-125.0580497100998
174,801.212872316246,111.41197337186318,0.4236740843457483,10.98077756145858,10.980777561458579,357.3568414652721,225.5841912445641,-131.65936455055896
175,458.5353698006443,67.44915124233674,0.5048084946661382,7.693355503045052,7.693355503045053,250.37145206249522,115.98430568723768,-134.3536724641309
176,1077.9167505164446,81.91366749791183,0.5638592458777374,8.048997855805519,8.048997855805519,261.9454255049439,143.8970770473611,-118.00380722989706
177,501.543981319312,98.67840402705367,0.3788983800237543,10.927116556719307,10.927116556719307,355.61050546528014,199.36428225094443,-156.14686863897884
178,804.4491676593523,100.94797342632828,0.41395866347160476,10.55545112096615,10.55545112096615,343.5150791205432,200.91330908165682,-142.5069631587374
179,884.6333367310524,120.1258561842888,0.4423108130476851,11.172630616317232,11.172630616317232,363.60047961621603,245.00471288653563,-118.46929282416173
180,1250.7076336195425,77.40586290684763,0.5529804177915283,7.8787982343644245,7.8787982343644245,256.4064735685844,134.7020528857014,-121.66411000588448
181,1432.47058619737,50.56710999745421,0.42031047445295233,7.263065732020427,7.263065732020427,236.3681638046689,84.61513387764693,-151.73069358153424
182,1173.121638154162,95.93909227914014,0.5371145873371309,8.976203910648275,8.976203910648275,292.1202856450004,177.40283049831524,-114.65244453246248
183,818.8044439852538,101.731795749458,0.48443227646079207,9.762526685089933,9.762526685089934,317.71026062390854,195.5521517079993,-122.07646201599823
184,1350.3346184979423,105.08841686602426,0.5337602662075203,9.419277164474234,9.419277164474234,306.53959772365744,198.9345776761524,-107.52654634800251
185,876.4369101632598,90.24787551855013,0.4567441812180379,9.453183600532043,9.453183600532043,307.6430438892087,170.98744894393403,-136.5877135701095
186,1118.335642713489,91.58031038359474,0.5289774856896413,8.831929775925753,8.831929775925753,287.42504900979736,168.0573616487868,-119.30762567015518
187,1622.6202395936316,117.42249406863385,0.4673976467832159,10.720268578842942,10.720268578842942,348.8788747020068,235.29901669831955,-113.46608809848937
188,1360.3641766491835,91.83849253956897,0.29618754648221457,11.955604430182479,11.95560443018248,389.0814665050659,192.91090868376452,-196.05977108461778
189,697.5741067247789,62.58416157948289,0.46484865159586913,7.71690528200271,7.71690528200271,251.137852672872,107.82922059253254,-143.27737999757608
190,1005.5255137568655,133.52874624550566,0.5326927373764163,10.69102907820621,10.69102907820621,347.9273086097986,267.43762326438434,-80.3610188848682
191,934.2698413573407,116.58811162366979,0.27888646909921144,13.952721202683035,13.952721202683035,454.07534675295227,261.06522273845354,-192.81838328974237
192,1070.6843674325698,115.41730387773933,0.35214137542201585,12.305049959166238,12.305049959166238,400.4537714081451,245.39733937192867,-154.9089104965846
193,1343.1262129620786,106.76992814988829,0.45847120860991986,10.318276250433525,10.318276250433525,335.7964943359867,210.25658566050333,-125.44411543782002
194,1189.8345598318854,145.41385715608791,0.5181866255058495,11.370964026572993,11.370964026572995,370.0550135186969,298.7661325751401,-71.13027182161971
195,1074.4661758901009,90.81278200919512,0.41501556305352083,9.971259268745968,9.971259268745968,324.5032237259038,176.25861299860088,-148.1685553507722
196,1249.1007449632737,82.87832348182266,0.5071566237219393,8.559583792408194,8.559583792408194,278.56186059614737,149.9438996926726,-128.5669352085347
197,856.702765970465,109.57959651492784,0.5333662105286948,9.635218590674206,9.635218590674206,313.56716435784375,209.54855240567542,-103.9329612103754
198,1311.2619832773698,89.79967202290506,0.4730125064706629,9.26760731017533,9.26760731017533,301.6036758570683,168.51654291237224,-133.0222341823202
199,706.3708852653078,91.11413479847776,0.5377300493044852,8.725878486637438,8.725878486637438,283.97373114443866,166.32226290132445,-117.59315100355474
200,1227.0965849936056,81.5566935164475,0.586960592010566,7.843183930054972,7.843183930054973,255.24744678493664,141.65760677159682,-113.54775493668174
201,1406.6913576414854,108.26869806447402,0.6876795812558066,8.385922925515844,8.385922925515844,272.9102663869548,194.0762854318305,-78.77002502610125
202,767.863240268928,75.10690593377166,0.32212797510957214,10.311352446743884,10.311352446743884,335.57116706716556,147.9449164783112,-187.5589561498339
203,1448.8132934467549,113.08731312708116,0.4944415329089545,10.195258031581274,10.195258031581274,331.79300716163357,221.7674299253415,-109.92653566842534
204,1083.9905878959462,77.49021905403247,0.7445751979616826,6.728638528916548,6.728638528916548,218.97584197450576,124.75195761133996,-94.19456775056872
205,1038.7663545925682,102.18789589209786,0.5725766623898692,8.969629650336103,8.969629650336103,291.90633386544937,188.91927591477298,-102.91791523563393
206,1144.302769521014,104.47768048558262,0.4209525544554688,10.654520144898301,10.654520144898301,346.739167149036,208.77919491755648,-137.85998922101982
207,1141.4405071407987,137.6404899295007,0.6345420046154978,9.926360267780085,9.926360267780085,323.0420371131788,266.59985346072136,-56.32795286668431
208,1477.955987991819,89.7756864713763,0.4010395179741419,10.082420195766932,10.082420195766932,328.1208289047931,175.1751017871915,-152.8688434560232
209,962.2639239701056,101.11449824577389,0.6094191518470948,8.634304743898173,8.634304743898173,280.9935684662221,183.62478015738293,-97.30543352332751
210,492.2606110855542,130.59100638921228,0.48419921014210104,11.118155475417144,11.118155475417144,361.8276484864098,265.9325064094264,-95.7589941470523
211,871.935679015774,79.75791249479664,0.334514332813423,10.42279912165131,10.42279912165131,339.19807158406525,157.91939335143354,-181.20565402893183
212,1246.9511751885743,101.46635934376808,0.3710039100258946,11.188776986379665,11.188776986379667,364.12594475512327,207.27270685978996,-156.74609901708814
213,611.4763683809151,93.28430601419744,0.6669021525289394,7.873068279109972,7.873068279109972,256.21999873107785,162.3035005701707,-93.86798985721643
214,922.1225945909185,69.93714093763788,0.4754256935914056,8.104104155563633,8.104104155563633,263.73879697760873,123.24763630948384,-140.45260386992715
215,918.1829290756989,46.06226714116857,0.4945705133482188,6.348367351693169,6.348367351693169,206.60035162036215,71.93811968700705,-134.64674668826314
216,930.7196409373967,113.92412729626837,0.6848956094945345,8.637262907427404,8.637262907427404,281.08983851353224,207.01593872292347,-74.00246958257733
217,1337.9695088643273,94.62222618890338,0.389347409125833,10.525348851700944,10.525348851700944,342.5354352105064,188.17559318789736,-154.27148512501523
218,1772.0079409749583,101.18436868028977,0.5013929291912946,9.58359933909968,9.58359933909968,311.88727487841203,192.67422244910438,-119.13481483377399
219,992.762473866999,103.9616952153571,0.4855639588076058,9.853674052352675,9.853674052352675,320.67654740010306,200.7512608820065,-119.84027385044632
220,827.9013979359291,89.06282117519216,0.4967246729784002,8.980564545915128,8.980564545915128,292.26219753029477,164.84034542086613,-127.36144188131439
221,836.9725686598705,85.74308434645671,0.5106430227691897,8.667451948207082,8.667451948207082,282.072306303223,156.1689736052302,-125.84919209533359
222,923.5068347737434,130.0798597716538,0.23490301916069878,16.147403495034993,16.147403495034993,525.4987707887345,308.4187346898859,-216.7933954576498
223,1327.4520555767385,124.92170384995258,0.292660976759185,14.113842296324945,14.113842296324943,459.31884838979397,280.9405312594527,-178.16808826331294
224,897.1937217758954,92.57118268008418,0.3592488305282179,10.862574424789864,10.862574424789864,353.51005563113586,186.57473922749753,-166.8432145078166
225,766.6549937227373,77.78848309068343,0.6752270443423622,7.1147104335373035,7.1147104335373035,231.54011036456947,128.68468759838296,-102.82246900662287
226,1280.7035179442382,125.43110189988317,0.5721672064043235,9.99614705347023,9.99614705347023,325.31316820300043,243.55406558564886,-81.65352601083458
227,661.2844686348312,89.50959467440452,0.5489374561227918,8.534693522890695,8.534693522890695,277.75183525429793,161.8533558080934,-115.84369404043196
228,633.3616573324164,114.25996860344776,0.4759674601841865,10.470908423172489,10.470908423172489,340.76373375511696,226.5880498725009,-114.07009679809534
229,887.5537577351207,114.21919936406982,0.544426331148604,9.764005401822654,9.764005401822654,317.75838376801823,219.505224350259,-98.16146253617785
230,891.7101502542761,123.18659606728497,0.3918936672400103,12.056651396753143,12.056651396753143,392.36992441355505,259.53625906718537,-132.68252990500827
231,1184.780682083279,111.86202515936768,0.469045356068601,10.44889051066982,10.44889051066982,340.0471859857468,221.49757901686257,-118.44667264217358
232,1097.8399066726354,74.97772847229393,0.5924027019206901,7.455582914402194,7.455582914402194,242.63341522595383,127.13534467974837,-115.46315028319654
233,944.5293590671033,89.54553958961921,0.604900922583689,8.126879313781503,8.126879313781503,264.47998844233496,158.05384347009084,-106.37649723681369
234,788.6968928371722,71.83077407272881,0.34433708264760965,9.71862488628622,9.71862488628622,316.28152681454657,137.85815338558825,-178.36624511282048
235,1181.8029854036918,74.39141295007434,0.6754794181984365,6.936314356242521,6.936314356242521,225.73441415088624,121.5990421620937,-104.1054381744162
236,375.4211776348834,133.92912736580075,0.5211017467202619,10.844185514936775,10.844185514936775,352.91160960066946,269.77131388548804,-83.00749872362991
237,970.9860664388823,89.10161826382101,0.5399136114352071,8.59321747481036,8.59321747481036,279.6564303060621,161.59472897639264,-118.00640822682587
238,988.7095892725455,122.06603764033042,0.511422764866204,10.421090888596051,10.421090888596051,339.1424790938525,241.7470924393419,-97.28366311570721
239,1045.0905284385633,92.72775575572288,0.49430543762789325,9.184811807172439,9.184811807172439,298.90919094695676,173.51163688402337,-125.33174048251834
240,1092.3405306676177,65.7966321468675,0.3651814577894287,8.995869767060285,8.995869767060285,292.7602884401369,121.92260800547356,-170.79289786620893
241,1222.9792282068145,103.41730876255883,0.48160166636473206,9.883827259399975,9.883827259399975,321.65784902197476,199.8381741556949,-121.73458548055112
242,1005.5301799196179,106.95163410723342,0.4460240319690638,10.474785190644532,10.474785190644532,340.8898987166737,212.03998924940902,-128.75100235071667
243,766.5085823793062,103.91690510195363,0.4021627222384968,10.882014863370157,10.882014863370157,354.1427224608636,209.57362689133166,-144.46533308352878
244,1122.4758267143416,65.9483279152432,0.6029155637325644,6.89854195544575,6.89854195544575,224.5051545863658,107.60129030116319,-116.87761996907099
245,1141.7792447239128,105.12059468627751,0.5982690983945513,8.876729433898827,8.876729433898827,288.88300261849025,193.60382707145163,-95.20952643321883
246,1499.642333338773,120.2874013003626,0.3159125768668355,13.317903130528613,13.317903130528613,433.4159189573815,264.1138863076772,-169.12184179377715
247,616.1269099792896,87.50362844608642,0.5026091050210834,8.841732578017151,8.841732578017151,287.7440699874362,160.79648934686594,-126.89006402583533
248,1155.2977061407369,85.48512373693069,0.5186766764477079,8.591314043178173,8.591314043178173,279.5944853015106,154.9858408549237,-124.55561931588451
249,773.3851202940032,87.76964394016103,0.35933389031517776,10.551861921887024,10.551861921887024,343.39827274329645,174.7499788707826,-168.5659199998174
250,723.0300261667287,72.96630788767332,0.4024126747022667,9.042761147736602,9.042761147736602,294.28631477084497,135.41658016573143,-158.81954882467153
251,1316.092538982352,81.01202222336114,0.7632382064837391,6.794320448000802,6.794320448000802,221.11338487745195,131.1165020468625,-89.96562389516762
252,1147.9953702642667,103.69672247389748,0.41416422198187863,10.688901682769194,10.688901682769194,347.85807495947967,207.63354368490582,-140.12465052552542
253,1210.0929638226974,88.48724347524453,0.5122009814645362,8.812870714416151,8.812870714416151,286.80479366046137,162.29690833296115,-124.450104531167
254,1768.0253614806384,98.078802005507,0.6149273326285676,8.421132601920135,8.421132601920135,274.05612501840676,176.37850680504957,-97.61918941970549
255,789.0470724622338,99.30023019006076,0.677080063563551,8.074162089508754,8.074162089508754,262.7643666977466,174.85954357736625,-87.85048616262699
256,811.9098826636698,136.24897115993858,0.5707751935455475,10.428802113736275,10.428802113736275,339.39343209281043,269.8436542488333,-69.42488735278471
257,831.2599672317197,112.64815478111042,0.597255444962673,9.221347426957255,9.221347426957255,300.0982008885755,211.06163405369384,-88.95597235387245
258,1186.5429886651589,68.59550560219087,0.42728628241751315,8.459053654027993,8.459053654027993,275.29022226975883,123.55748234738546,-151.69150295192316
259,925.7444093345485,98.51133141799907,0.5620672097550679,8.875565008603784,8.875565008603784,288.84510772960556,181.31999473522396,-107.45986020845325
260,1053.3103002799762,73.29311282579798,0.5380197851005963,7.768155135977402,7.768155135977402,252.80572053008407,126.66222198970489,-126.10640561084041
261,1183.175723585147,111.1958089586208,0.6080780725554622,9.089491256249355,9.089491256249355,295.8070926835185,206.78977924809126,-88.94003466158901
262,1250.1766463646713,109.18360158456873,0.4929834288541353,10.02679663386841,10.02679663386841,326.3106237276231,212.5135934028873,-113.7045612686681
263,501.71171994520256,108.59236438265171,0.5207687687163112,9.72823208130117,9.72823208130117,316.59418198369724,208.39174218235448,-108.11590229495411
264,1081.473651158612,74.46502848359381,0.3918943459591738,9.271936815245976,9.271936815245976,301.74457464574647,139.76930721725077,-161.92140042020262
265,1315.9458559998711,99.2088969228669,0.5681500697372625,8.855894882997156,8.855894882997156,288.20496599841505,182.4386410983363,-105.70090348447997
266,1008.4955128391383,100.59512278991491,0.5938283805975998,8.708244365250803,8.708244365250803,283.3998488409795,183.61814907272682,-99.71757652160292
267,845.1865815347878,101.92241553881966,0.45377247112949576,10.103050226819422,10.103050226819422,328.79220966038946,199.03237045033717,-129.67219325566776
268,869.6511317703053,93.81655753062721,0.5222133771633712,8.979138308591622,8.979138308591622,292.2157822685107,173.72127095987128,-118.43089705737714
269,856.3754135009568,125.11512251147042,0.4105392697780496,11.842053568421322,11.842053568421322,385.38608363463493,261.8128692294373,-123.42515043337119
270,943.9385067515923,91.2053788345165,0.6446977884353733,7.918750639248165,7.918750639248165,257.7066788717413,159.14477155500882,-98.51392213386814
271,1058.9664329534723,120.6368907893727,0.3514439626963028,12.625954996049042,12.625954996049042,410.89725865200313,259.07536749161716,-151.65952101128403
272,1080.1150797607777,117.79261591246873,0.5082283989275425,10.289210223072537,10.289210223072537,334.8505737330484,231.70628202928384,-103.03920717975492
273,1319.6441125196054,89.65423099799256,0.640934744018558,7.866994957056246,7.866994957056246,256.0223494139713,155.98845040467228,-99.98735103712104
274,1689.669437085775,92.74322879120682,0.4554497478599228,9.605584444021831,9.605584444021831,312.60275496261283,176.97897332811294,-135.55173911097648
275,1436.0153431353103,131.59144291461425,0.44771399728467315,11.649661981060259,11.649661981060259,379.1249195595922,273.1691213599971,-105.80511028146833
276,873.9439548712428,94.36430782278985,0.36555494889657225,10.876493964681664,10.876493964681664,353.9630511300924,190.26578647990533,-163.60313665993093
277,724.4044160547405,79.91718466495864,0.42322024348958714,9.23803287002217,9.23803287002217,300.6412095415378,149.7779771940488,-150.8058466127929
278,989.5945337839656,104.68429465073041,0.6550500492814078,8.45380840667036,8.45380840667036,275.1195216961485,188.3502678658285,-86.70640042583676
279,700.4937877783627,119.68644796953167,0.4786011155774491,10.698206935714818,10.698206935714818,348.1609037694681,239.58442960303512,-108.46099017632915
280,985.1608871042702,113.49638984333208,0.38772779784377015,11.59461286363276,11.59461286363276,377.3334090204488,235.39270062266783,-141.8119722922582
281,1114.7229238552152,103.32904416426112,0.5492451264008149,9.2144523731194,9.2144523731194,299.873809250785,193.4821270481598,-106.31786649055906
282,1086.7505931723454,149.1060027982179,0.4362260015748684,12.589878920541146,12.589878920541146,409.7232040530634,319.9220435380274,-89.60162174544456
283,840.7009134994547,87.53718947150472,0.4444522880839745,9.429413938328967,9.429413938328967,306.86948743020145,165.72436448973417,-141.07961361467
284,808.7838618080447,123.78033062215104,0.6420504247989856,9.319960290206332,9.319960290206332,303.30744368957943,233.14361764995152,-70.07334783307115
285,828.7761118751571,83.35288853791542,0.5471415556386404,8.251493317061074,8.251493317061074,268.535408594969,148.18894953497914,-120.29880215891427
286,834.3330867157086,112.65863635511022,0.52029230208513,9.922034866818509,9.92203486681851,322.90127188803444,218.1211736324253,-104.68668245362045
287,545.2767655008304,130.95010402660122,0.6795877673095522,9.333026631484197,9.333026631484197,303.7326728158805,246.61794653962045,-57.01873662578228
288,816.1633928546842,92.24596880128031,0.5285865390724905,8.853237895017797,8.853237895017797,288.11849736476864,169.6098201941722,-118.4478841327043
289,1100.3370369961076,113.1708854534566,0.7010204538766349,8.486913390838874,8.486913390838874,276.1968855269888,204.131791436173,-71.9966070359387
290,946.9158317517852,84.03405510923092,0.3620680771985473,10.271559835261836,10.271559835261836,334.27616205743016,165.3542686704378,-168.8471839325538
291,780.7209880174242,99.33746054252406,0.6794557863517787,8.060935558789463,8.060935558789463,262.3339243893641,174.7868775344075,-87.49286929628937
292,844.7166102891485,104.47575903277797,0.4983577103927248,9.759986037263896,9.759986037263896,317.6275781474348,200.74486373967756,-116.79890922441754
293,1356.5179820344251,150.53864851747244,0.4469131227079679,12.505386739294028,12.505386739294028,406.9735026908431,321.97506986230434,-84.79968109801206
294,853.1681672445334,120.88321754138144,0.5681891489626312,9.831419511526256,9.831419511526256,319.9522988326881,233.079007180464,-86.77489076686521
295,1554.01219772081,111.67856370651927,0.46407079092129405,10.458005249352931,10.458005249352933,340.3438147270494,221.59388015125154,-118.64698864201267
296,1177.1964492076927,122.17407161165815,0.5820482181197364,9.767041317837153,9.767041317837153,317.85718418099657,234.8208817637858,-82.93815781901426
297,1152.1822093321894,121.33349379178307,0.6169295590445673,9.41787927415862,9.41787927415862,306.49410498281037,229.62843115195142,-76.77509637906903
298,1414.647697311258,112.97419775179286,0.4832881919683146,10.302602887192153,10.302602887192153,335.2864226628537,222.66820135636755,-112.51717121218385
299,1044.014105929997,124.13017933016714,0.4183064329012764,11.677720260496999,11.677720260496999,380.0380441594071,258.2274642637447,-121.66774745391717
300,1110.6019926618703,92.13322375345278,0.5028744822934818,9.078004679999253,9.078004679999253,295.43327520246925,171.4185102541285,-123.95089731618302
301,1383.5355587821896,103.82198136039807,0.5046436548156149,9.650870766811371,9.650870766811371,314.07654652091276,198.60344332256503,-115.3916870317087
302,592.0431577060242,114.92507132054442,0.5645484181141075,9.605889934874943,9.605889934874943,312.61269681288286,219.29251057928317,-93.23090723512374
303,1648.976416991638,93.84443530093998,0.521915032766394,9.019547793929119,9.019547793929119,293.5308627320409,173.80910562709866,-119.65754514652758
304,1074.8151051132265,131.5490655952695,0.4904704467613048,11.097454062215986,11.097454062215986,361.1539446804609,267.54802010426295,-93.46929063832664
305,1083.7064577311019,112.15793019433079,0.5186609123156358,9.923805474737067,9.923805474737069,322.95889429680363,217.0846547669409,-105.78120549302574
306,866.0699156348415,103.88179985796616,0.6073631749859772,8.755867243894176,8.755867243894176,284.949680936041,190.06549224766644,-94.81723772111289
307,692.0454101766819,102.65939348293752,0.42998791850608264,10.441584371467714,10.441584371467714,339.80941604514317,203.3269086969684,-136.3881740330278
308,1358.5139886774527,69.5362619043245,0.44410781527284116,8.349191603870839,8.349191603870839,271.71488755221947,124.4753906441475,-147.19878327946384
309,1113.1635625193562,131.31048058468681,0.49342497389270124,11.0487162848693,11.048716284869302,359.567829482774,266.5918619701268,-92.84078277809056
310,833.4401419920405,137.6231413888118,0.3551986099583756,13.420108231401247,13.420108231401247,436.74206702158403,303.2933454035088,-133.23937664074379
311,340.3582130139754,108.80028900106664,0.4497945775647389,10.44845412756506,10.44845412756506,340.0329843969146,216.13513587346765,-123.79773998774812
312,693.630154860786,114.16712894598706,0.5243800713771198,9.953943315889001,9.953943315889001,323.9396958531923,221.32570548341144,-102.51870980251485
313,830.7764107789815,74.39391202658211,0.5872457328280145,7.48000854968925,7.48000854968925,243.4283195784108,126.17600938549812,-117.21743172266325
314,1195.0603533875983,98.01648272441234,0.6846636996047666,7.9689277605414,7.9689277605414,259.33963587126266,171.5464869966658,-87.740917622826
315,678.9745701021543,69.48949658150522,0.43080919301187554,8.491770245521037,8.491770245521037,276.35494630537715,125.3151889442373,-150.99765615853312
316,986.3241950933507,104.86678898645384,0.475876394214367,10.00193306734761,10.00193306734761,325.50146740424753,203.87196533991727,-121.54113176095692
317,1105.6166189542892,74.96921151619112,0.644376460407326,7.134674594784865,7.134674594784865,232.1898211492568,124.34457388460527,-107.81330703279846
318,975.3546464822293,122.34591663176255,0.5342725346377704,10.220384944650368,10.220384944650368,332.61073379710064,239.99154790853518,-92.5115035358252
319,1137.0259657461352,111.39534560464408,0.5447708560017315,9.608451309927204,9.608451309927204,312.69605383321783,212.78240843822263,-99.8270619597732
320,1192.8168279602633,126.58305060264863,0.519652116970147,10.556417609439691,10.556417609439691,343.54653238205265,251.87025313822127,-91.55737487996251
321,1212.7011272765537,98.20528611425547,0.6440117215449472,8.235621377803863,8.235621377803863,268.0188744926124,174.63662790162903,-93.32631577679055
322,797.0823093822191,136.0188086582163,0.49598420493556566,11.218091183063917,11.218091183063917,365.07994174473026,278.02647390715333,-86.90908754950703
323,570.7674693645856,102.56208829821578,0.4318948342525119,10.400739604452166,10.400739604452168,338.48016983745276,202.88273192398628,-135.50393424654453
324,1252.1930646966173,86.94752041395218,0.45538165667852204,9.27339275910129,9.27339275910129,301.79195667261786,163.3883172177819,-138.34072287049483
325,433.13778071634067,90.95387361501847,0.2576120673371043,12.790860780529965,12.790860780529965,416.26392872173426,196.51660946338703,-219.62167116511208
326,524.829152954283,115.20829312288595,0.5785800158650832,9.482996590296867,9.482996590296867,308.6132735289009,218.6811186415576,-89.84494761797802
327,1127.6372685354895,80.66047713741574,0.495228864385802,8.524223837632888,8.524223837632888,277.4111113270601,145.81116933079153,-131.55069496328284
328,998.9192382728295,76.83270621614915,0.650339830176715,7.213541869503317,7.213541869503317,234.75646636455392,127.9525476145817,-106.77044746677755
329,1263.2086871727015,95.58071652340672,0.502688583899453,9.277336770967041,9.277336770967041,301.9203100260264,179.43155284206017,-122.41953418353418
330,1062.5148423842656,59.16530263151419,0.4752822617479403,7.411586472483158,7.411586472483158,241.20160136469494,99.89100413743635,-141.28336960352595
331,795.4047256006604,79.96759980210169,0.4718899707114045,8.72582904846343,8.72582904846343,283.97212223563304,145.97936125811447,-137.9415786184306
332,1539.3059580548568,112.8168572253402,0.4428821010217203,10.784750805806945,10.784750805806945,350.97737499759444,226.7853508365083,-124.08139040474208
333,1171.7748344068475,127.98710873172004,0.5924633682912769,9.902097033648571,9.902097033648573,322.2524179205087,247.66352654705133,-74.48319423261432
334,1017.8891109760523,87.06126444588853,0.569822331361359,8.257616559432265,8.257616559432265,268.7346825116882,154.89502019098092,-113.78981052820788
335,1118.045615626525,117.90386440055465,0.563517180168197,9.757266796837433,9.757266796837433,317.539083579127,226.4410063976217,-91.00355370785638
336,1314.8658145958007,89.29529576878863,0.6317394065634325,7.919318738502593,7.919318738502593,257.72516701195406,155.77779183689532,-101.90038811650265
337,1059.2798814077198,141.5052174525053,0.4310812181910432,12.33673543373177,12.33673543373177,401.48493892316776,300.9639962759511,-100.3391405047546
338,1520.7891409495749,103.95821566925295,0.43485819963855515,10.4213548306907,10.4213548306907,339.15106878731865,205.96104091308797,-133.09487305626448
339,854.8342497837035,93.5930538361136,0.5424165946401917,8.799885850130579,8.799885850130579,286.382216109648,171.61039596343196,-114.71088684944871
340,1156.85064641065,88.52599992122842,0.4975645407739017,8.958352588490994,8.958352588490994,291.539334790983,163.5386001245809,-127.94098768322999
341,1642.681107583559,134.55086340201422,0.5436323669674032,10.650893324609985,10.650893324609985,346.62113643258255,268.7033967198143,-77.78906542010151
342,1011.4010434504601,102.40062653436523,0.5613517972730416,9.075207549523771,9.075207549523771,295.34224579163833,190.32081189030632,-104.95049289990786
343,693.1622304404783,94.8524692515331,0.3331415926122411,11.43824760479484,11.43824760479484,372.24468058564787,195.51576460004733,-176.6242225350735
344,1119.7669367815838,112.94391879405482,0.4516813537700626,10.701344528173966,10.701344528173966,348.26301312599867,226.08258564563474,-122.07138498574142
345,1472.1960289870099,75.48468673995318,0.353562511979018,9.862169283008893,9.862169283008893,320.9530149615151,145.6642374020568,-175.22694421360086
346,1067.3355455679916,120.94196605224309,0.6683927691457869,9.019531593735282,9.019531593735282,293.53033551526886,224.34010144746435,-69.10748124028578
347,862.3347211393179,121.57361666862592,0.4961491530499293,10.573020784159459,10.573020784159459,344.08686370585406,242.23056686661278,-101.7417364519653
348,948.2118100177541,117.67319874973344,0.5652322878413419,9.702863259322552,9.702863259322552,315.7685826995633,225.73153965810954,-89.94376085326789
349,527.0823529047252,129.53080699451792,0.6380091354147451,9.588496189668442,9.588496189668442,312.0466372771662,247.0045850979283,-64.9417934844389
350,812.3311895471412,107.91607066874818,0.5494030186282739,9.410762123371363,9.410762123371363,306.2624854539262,204.1736228583616,-102.00842410014218
351,1078.2021297471722,88.9938969230916,0.4328376632061948,9.641475270040608,9.641475270040608,313.7707808288928,170.21338690108547,-143.48774258091487
352,992.3337787025664,123.45458038518728,0.5543600154594432,10.062873935797375,10.062873935797375,327.48471823903327,240.59949999070523,-86.7799042428193
353,888.8157003741683,115.43397421296689,0.21514573793699243,15.895896248676172,15.895896248676172,517.3137552321059,271.97709274230436,-245.09016273270151
354,1344.629710111631,65.20572442443802,0.4637559058596868,7.891987477838022,7.891987477838022,256.8357024062201,113.60000169989762,-143.20162848884854
355,664.0990316121569,74.10637048558189,0.6160826787378519,7.264958908818973,7.264958908818973,236.4297750773932,123.99787473773083,-112.39914902491176
356,859.6896396064326,106.93007763461432,0.49530794211208157,9.906569210125218,9.906569210125218,322.3979597868496,206.88543802869128,-115.42413408000462
357,1143.1122481669365,101.53643782120511,0.37170077758114306,11.205464872967603,11.205464872967603,364.66903292974644,207.36071036189787,-157.2007880567685
358,1298.880045834142,90.12486833677374,0.3443418101340249,10.936287660629574,10.936287660629574,355.90896854840696,182.28800162120564,-173.53007131067855
359,871.5654517102263,130.01519581268622,0.5850221742113493,10.043419241941974,10.043419241941974,326.8515874876881,253.26366501041173,-73.47744308923595
360,895.4043596776422,93.01484591363142,0.46783649487826173,9.4926751043724,9.4926751043724,308.9282496952745,176.49073803510393,-132.36695893267333
361,1623.0243950682523,107.63870904463107,0.543004164719107,9.476085396886418,9.476085396886418,308.3883566471873,204.09385408753022,-104.21314470618606
362,1309.0850362095525,104.77578318053027,0.4740957854179297,10.016535233195619,10.016535233195619,325.97667818388413,203.83224235404543,-122.05588253009424
363,941.0950452745066,98.56797481171873,0.4962777763490158,9.485443640726537,9.485443640726537,308.6929099852045,186.98163705130585,-121.63662280818286
364,1218.2888630910938,101.03891771614599,0.5732640077215579,8.909996809445598,8.909996809445598,289.9656512909267,186.22689838256792,-103.67130117028566
365,975.7850259674253,101.57270380632181,0.30017993154678924,12.503756903472302,12.503756903472302,406.92046154889306,217.4591789513073,-189.3272142340381
366,1274.8983024107445,106.92976951795985,0.5998010109859653,8.971423175018069,8.971423175018069,291.96470207406213,197.63304015689778,-94.25928156189826
367,131.12338654189318,141.76749409561455,0.4860410371844826,4.025278770862797,4.025278770862797,130.99809184930533,221.00565625398403,90.02631845841927
368,1332.4548450212549,79.20188145748938,0.5612773905062569,7.902420340094701,7.902420340094701,257.17522797101935,138.11012072322086,-119.02361089231667
369,683.9753310479032,87.5246207860839,0.6914031353866786,7.461379140320008,7.461379140320008,242.82204676637218,148.41797478563166,-94.36324394101456
370,942.795279770996,104.34865746359446,0.5870067730688754,8.952126206974642,8.952126206974642,291.3367043287968,192.72785328716765,-98.53852388658962
371,1148.7045663917813,103.00837810287153,0.5364961002466225,9.318855803690187,9.318855803690186,303.27149943967163,193.82886385994496,-109.36735877729626
372,1721.0246755714825,98.8476240593283,0.5201099046714968,9.254979543610817,9.254979543610817,301.19271964299344,185.54405119187172,-115.57742673713875
373,1315.1963188022837,122.11051865915968,0.618703030556038,9.457073390535262,9.457073390535262,307.7696326541421,231.29293986961045,-76.38476925033757
374,1191.6190666087555,77.13990174539033,0.6633431532301096,7.140397220154639,7.140397220154639,232.37605744405334,127.92922128715247,-104.41391768920565
375,656.0963820943937,106.05270930478066,0.4245724149980642,10.685474933254307,10.685474933254307,347.7465553174253,212.23690580257858,-135.40756532965304
376,980.7584960221022,106.5752482060696,0.5321357215450273,9.523563435108587,9.523563435108587,309.93347507646797,202.57351882215795,-107.27858699502718
377,1126.5762262705855,132.27422538117293,0.545353430151398,10.524088297064122,10.524088297064122,342.49441190218533,262.93493714601675,-79.4359887092728
378,926.7530094128053,119.28174336576714,0.6189470488924641,9.340888025921696,9.340888025921698,303.98851290279373,224.6502813446934,-79.25064661410366
379,631.7176554589023,111.94800139699716,0.5701172742310898,9.414886109501635,9.414886109501635,306.396695863846,211.7853615522344,-94.5278167954649
380,910.7309489920024,127.51413626623238,0.48499444129674735,10.97050146109966,10.97050146109966,357.02241753706755,258.1768789012924,-98.71612382777977
381,1037.6729360414627,96.5385635143226,0.5015579047581468,9.310942799676123,9.310942799676123,303.0139797781413,181.76244205960208,-121.18110962912385
382,671.1174739314395,71.19898234811411,0.6594505063224972,6.86741191335383,6.86741191335383,223.49206298566753,115.76364284366798,-107.70034495697982
383,745.9115955045016,80.17215301087386,0.2846609886396285,11.36892371234825,11.36892371234825,369.9886138267925,164.8548475464172,-205.0463506069684
384,808.3114756931493,73.53820413185004,0.664201516013637,6.954839198848198,6.954839198848198,226.33728395725055,120.3748031843856,-105.93272985418602
385,1302.9451268027901,86.23699309644553,0.7252435805344308,7.206907505779259,7.206907505779259,234.54055858823372,143.85801575901579,-90.64504462467929
386,1294.5296460974782,93.50337232982756,0.2500594285126427,13.167105392663043,13.167105392663043,428.5083791222343,204.51674805668782,-223.85472563445967
387,1687.2827717772225,72.20855066472808,0.3354601253043108,9.903108942410752,9.903108942410752,322.2853493333416,139.61059151045657,-182.61511269240398
388,1306.771129602892,148.79504812678545,0.6384272818510518,10.32007780942803,10.32007780942803,335.8551240121081,293.0677192622481,-42.6538599611747
389,1169.1727360157079,111.89508683330573,0.5853415558780308,9.305265324999507,9.305265324999507,302.8292128609918,210.32909659066294,-92.41858537397661
390,1227.6785769360295,105.62382847938751,0.5104201103951876,9.695453283237013,9.695453283237013,315.5274335063991,202.32891000233323,-113.11492186041056
391,981.2220616301432,84.92070822266648,0.47193249231332257,8.985326974543272,8.985326974543272,292.41718532079796,157.3104716741519,-135.0490513478218
392,492.1129557413844,98.033207464105,0.40114088928490826,10.570421171003783,10.570421171003783,344.0022622701958,195.2085998556571,-148.70133014013132
393,668.9232048352687,103.59788302306957,0.6392002286344599,8.50994827261658,8.50994827261658,276.9465293977926,187.04711222621216,-89.83637940157607
394,1275.494981800694,68.58998792753646,0.40103718634296626,8.779647711674144,8.779647711674144,285.72358905018433,125.49315274030702,-160.18598807474268
395,1282.231356396465,80.35025212923381,0.47753668500029756,8.668408938515379,8.668408938515379,282.10345045781236,146.421041403205,-135.63166233405218
396,1165.0156297073656,80.6331109027273,0.5105375506145959,8.412981451884447,8.412981451884447,273.7908551670907,144.6517129078906,-129.09120026839133
397,599.7923515245386,87.97264712097572,0.5319781934142537,8.607323407929528,8.607323407929528,280.11549175933106,159.62822664038438,-120.43249160589849
398,522.1018799404992,108.80949475920798,0.4980362201073319,9.963161598849789,9.963161598849789,324.2396943245358,211.11140378734024,-113.03731190594783
399,1165.7469863251442,104.47828268129322,0.6364140429973845,8.561552411489773,8.561552411489773,278.62592705165144,189.23658946159446,-89.32498358651952
400,1037.5673507943723,91.41188917749494,0.5122297503032284,8.959276388535105,8.959276388535105,291.56939880640095,168.99464901259051,-122.51304226734194
401,1162.9894087109165,100.97720140651408,0.5040591691203883,9.506216776869765,9.506216776869765,309.3689479322373,191.94416286886585,-117.34797251333805
402,789.4024936579734,86.74198164898104,0.3597394728200306,10.50356452276182,10.50356452276182,341.8264891509442,172.19269423155404,-169.55313336682553
403,1524.873022956082,75.1227352921743,0.4307094802204093,8.856167108543278,8.856167108543278,288.2138252673315,138.10685746797182,-150.05742647218264
404,784.4778203292408,117.89848753888883,0.4705050321707972,10.703207785728111,10.703207785728111,348.3236507111477,236.1136996289137,-112.09608530292027
405,1374.32262180212,86.53018751512263,0.5278994162223802,8.573043954978097,8.573043954978097,278.99990618578505,156.66840627695422,-122.27805665315384
406,749.3958840220728,142.90298255546776,0.3812401580970487,13.195208066958198,13.195208066958198,429.4229485019195,312.7288936539378,-116.48392297875091
407,1092.9462130681081,112.67553761864197,0.5413799097451498,9.706148905594393,9.706148905594393,315.875510298024,216.13018312311868,-99.65594581687625
408,944.4137023366875,97.40358600533148,0.5043811471979109,9.344766812823377,9.344766812823377,304.11474358437727,183.53669000776398,-120.50647323203677
409,955.8993995114535,119.27758233589819,0.7210523001591351,8.606570418007095,8.606570418007095,280.09098656388113,216.4486958415908,-63.568039247210436
410,832.75246449765,72.60394040841845,0.4911717951648745,8.111954502549208,8.111954502549208,263.9942775378396,128.10376634298237,-135.8504057962362
411,1773.9128012962956,83.92650864060539,0.6639116805444067,7.467980104117624,7.467980104117624,243.0368675803027,142.264692331574,-100.73295551085064
412,1503.3102442229322,88.9282351658401,0.5568983079185276,8.453762137839966,8.453762137839966,275.11801593000445,159.9701762974796,-115.09444689968521
413,1488.5189869385613,92.41744518025025,0.47964196398976383,9.331143395033891,9.331143395033891,303.6713850404159,174.0472556901176,-129.5564126331848
414,825.4957258154069,79.70486538614267,0.4350722454933993,9.081303138878258,9.081303138878258,295.54061977256976,148.29220321238887,-147.19312390017535
415,632.817919971323,100.68166936518452,0.42300267689413584,10.42302731519941,10.42302731519941,339.20549788198775,199.26862236762247,-139.844690020104
416,1070.1357735372244,68.88208707592746,0.5330880232214457,7.5633994153675195,7.5633994153675195,246.14217988557493,117.42878575042774,-128.68036711762045
417,1250.0586884826773,60.12528714857089,0.5374056569847572,6.991206148647229,6.991206148647229,227.5208047271751,98.69413521150506,-128.80208647312878
418,1368.3006977419877,75.8071796261759,0.6672572386837703,7.063844778628302,7.063844778628301,229.88474582634737,124.94444672817721,-104.90864818338531
419,1125.7057028098136,85.89976288483183,0.4944230922342294,8.820950073275194,8.820950073275194,287.0677271500774,157.76889745000489,-129.24263470735548
420,1167.4980737565168,101.52010782824823,0.5538755992446369,9.076679720028203,9.076679720028203,295.39015589623864,188.90251218866283,-106.41728970566479
421,723.7979220761902,103.38721648072156,0.35862855030950197,11.52119186349515,11.52119186349515,374.9440065797247,213.6995961281958,-161.12862806265625
422,966.6321815953899,81.92184717070421,0.42644700574102334,9.326983643995659,9.326983643995657,303.53601070248897,154.1701276517249,-149.30591065358468
423,1370.8279525631312,121.82620241188538,0.5609138120907177,9.941347889085728,9.941347889085728,323.52979209964366,236.03982315698198,-87.38855518572947
424,672.3061705982263,93.67183100610396,0.6213097699979183,8.201776328342362,8.201776328342362,266.917426083599,166.09996730229352,-100.7645518140485
425,1042.5150740919714,146.3865907996339,0.5393317839394371,11.14838362088908,11.148383620889081,362.81138889356635,298.52439062071403,-64.13354744318309
426,1057.6147349470095,93.81767071594997,0.5133540904782282,9.067384107598194,9.067384107598194,295.08764082580024,174.44656501663275,-120.57619382111778
427,954.2590490858369,114.1621735337718,0.5956702316794584,9.295566593729397,9.295566593729397,302.51357874915334,214.72305665234586,-87.70751396268889
428,764.2031618476151,73.37534092884444,0.3163794626896703,10.285685903747707,10.285685903747707,334.73587879316943,144.3562496254393,-190.31421505801387
429,1152.397398073763,77.93266787652253,0.28471094070475167,11.225659077057989,11.225659077057989,365.326230195537,159.22934408065527,-206.01405049497657
430,1116.5735813592892,149.8599903486558,0.4993929088460107,11.768789239428342,11.768789239428342,383.0017798770487,312.52585749300977,-70.30077167347957
431,1251.5472323354925,101.6365871709513,0.49011103468088574,9.691658489536357,9.691658489536357,315.40393628743726,194.78895086366518,-120.53460309996794
432,1275.7229448963305,94.19450911622697,0.5267392314071903,8.977226160787447,8.977226160787447,292.15355360611494,174.22588563806792,-117.86382486507529
433,1096.5093418588042,86.63819092713902,0.5992042349536523,8.019358161660158,8.019358161660158,260.98083557290124,152.01482553388496,-108.91924971224336
434,947.5120729913774,84.88509681014311,0.5536509843570403,8.26900795476098,8.26900795476098,269.1054024385575,151.15492572723105,-117.90173548913486
435,730.4596054626888,100.56362314738257,0.49908810033557965,9.539716129843084,9.539716129843086,310.4591460445908,191.42237499873806,-118.95972903095338
436,1325.7686697494735,109.49396465759905,0.4974973041254856,10.02197179288211,10.02197179288211,326.1536047983364,212.8049605331458,-113.25600216322732
437,1245.3298897600862,127.80415098034626,0.5557810306351862,10.217531625217177,10.217531625217177,332.51787578093285,250.9413060858292,-81.46414648611298
438,1003.1057859530142,73.7632753529968,0.39348863369246273,9.185722406067802,9.185722406067802,298.93882534609355,138.00201570830433,-160.88444564513046
439,908.4325886935997,87.80975595681434,0.4813028697014554,9.072487610583298,9.072487610583298,295.2537284909913,163.207596812491,-131.98533568079694
440,1016.9949774691321,110.59385508713461,0.4929501221940909,10.094194013827238,10.094194013827238,328.5039943418916,215.90743101711806,-112.5016282824138
441,1145.9504931478605,101.2894882962024,0.3024533433646128,12.465779343153107,12.465779343153107,405.6845253024601,216.36809015039586,-189.18355438692342
442,718.1993818543738,97.1182488855677,0.37903052571588924,10.836195617934727,10.836195617934726,352.65158754482644,195.4879988067417,-157.0674340672674
443,1179.9786189988613,130.61501664687395,0.6218761851697316,9.753864887303978,9.753864887303978,317.4283723258462,251.08132348580432,-66.24240835352879
444,935.9671387209376,129.81452273699904,0.5148667457202112,10.728024342708085,10.728024342708085,349.13127716280576,260.344642718077,-88.66067491642264
445,898.8742086645882,87.7319467291812,0.4697530313511872,9.17037975100488,9.17037975100488,298.4395161922299,163.98816888842038,-134.38927657972357
446,883.5469544376314,103.40832444750976,0.5160573981049864,9.529872011476563,9.529872011476563,310.1387804760524,196.57801121942543,-113.48171251684474
447,1000.9138060460243,108.73876339492699,0.6190646274786341,8.888834900553825,8.888834900553825,289.27696117962864,200.25153690124574,-88.95317958560827
448,1284.8662406323972,70.30204063100193,0.24460788650980453,11.489502517744208,11.489502517744208,373.9127130814023,145.21445211036425,-228.6199648482408
449,1280.295973371782,72.66242603169158,0.47752345981073163,8.22255870904251,8.22255870904251,267.59376488415904,129.1450752581243,-138.4074386969098
450,648.9660921821921,63.9603912483996,0.5541462728204788,7.119353200164679,7.119353200164679,231.69120389217562,105.86207196721173,-125.80200036512356
451,1227.746548090794,88.4697919854656,0.240895770785509,13.053745396538783,13.053745396538782,424.8192077555665,192.7671303413353,-231.92476937795456
452,836.1266655242551,107.83608010805094,0.3521088431225871,11.896066475967746,11.896066475967746,387.14387190883633,225.89930730089762,-161.1157773385517
453,1055.0079759337466,99.69380301654009,0.5579291499601089,8.980196283744137,8.980196283744137,292.2502128593077,184.36224147034272,-107.82035588697005
454,1035.874110524246,80.53862118236889,0.6196571501664492,7.575900346277901,7.575900346277901,246.54900837841222,137.509184607711,-109.00107853202604
455,952.441128091909,99.45390920980137,0.4066732040926804,10.565636373789578,10.565636373789578,343.84654651965354,198.06896442310006,-145.68399700804713
456,867.015324642547,82.30394571946198,0.4827053940076577,8.7387825903857,8.7387825903857,284.39368043597193,150.47090237400198,-133.86994245481912
457,1513.512544042703,72.56197714137286,0.33864386021232584,9.859893022978127,9.859893022978127,320.87893668332447,140.14375761660722,-180.67576748167335
458,1441.3510982480825,95.81352645696268,0.43309272613400834,10.009872363821156,10.009872363821156,325.75984272378787,186.44192724668943,-139.23704520400779
459,1311.971406218823,87.88768920526272,0.6826009713546937,7.539044273725664,7.539044273725664,245.34956966814178,149.69113253741298,-95.6165715668188
460,1203.3777614017808,90.24177183708595,0.7157308213265503,7.469708741591601,7.469708741591601,243.09312410897581,152.86588586620343,-90.18504755855236
461,818.2855230989985,114.84190744018613,0.5299292580406492,9.93235607806642,9.93235607806642,323.23716389850506,222.39205160400033,-100.74968659646694
462,1390.5223868196395,131.23022393453707,0.5032004149065766,10.938764381708074,10.938764381708074,355.9895706020274,265.2122442210147,-90.64491360590381
463,773.9746388961449,109.19944285878233,0.4322284630247894,10.750173719091329,10.750173719091329,349.8521032737474,219.1019994892174,-130.64370675032777
464,1604.016174257987,102.73070662165475,0.4634678448687891,10.055165611785858,10.055165611785858,327.2338596539896,199.99184373371708,-127.15451567281377
465,1055.4040917594725,73.05747420940607,0.40283859614893486,9.048431316715183,9.048431316715183,294.47084393241107,135.59197270603855,-158.8285591908467
466,1360.1241723833277,86.86211442057208,0.39530890173180605,9.98910957917425,9.98910957917425,325.08414165435863,168.75537868842704,-156.25575384523904
467,1160.995825758186,123.71408309325994,0.5718953310665067,9.918038082096345,9.918038082096345,322.77120110239696,239.47225750081265,-83.1964438759955
468,1298.8143057417449,84.86409822861079,0.3578189333258156,10.416885443109392,10.416885443109393,339.0056176823855,167.82453876344377,-171.10346829791882
469,1450.400095586646,93.54640322315728,0.47491669835449524,9.448742158953715,9.448742158953715,307.4985022549664,177.10495532770534,-130.3232511062946
470,1398.4582425547173,111.1246001880132,0.5455887772081608,9.583070505400235,9.583070505400235,311.8700645907583,212.06705907263077,-99.71709150564729
471,1649.5007034703253,87.12963539239715,0.5927840128081238,8.11003643026208,8.11003643026208,263.93185606992495,153.5131875587435,-110.3705623117178
472,1017.1039374691253,105.37184557726513,0.6528468426412531,8.501284629404347,8.501284629404347,276.6645810424437,190.0545768223789,-86.54601871375382
473,1152.350726886887,110.76592158099265,0.6072507337309803,9.065149332357123,9.065149332357123,295.014912622623,205.86524938754394,-89.07309831691578
474,890.5141811371344,83.21580665321987,0.39551908059789664,9.769208378749644,9.769208378749644,317.9277086988293,160.03093207120114,-157.82989802161498
475,410.0930231871995,141.12414259880643,0.3896791634278317,12.589201544050855,12.589201544050855,409.7011596102452,306.472294458758,-103.04002837289175
476,933.6239129242684,94.46373400222159,0.5307406697809101,8.951109668275407,8.951109668275407,291.30362223996,174.5236194635645,-116.71635227476213
477,1244.721163761789,117.2094697671949,0.44169225614310614,11.015770488790377,11.015770488790375,358.49564624616534,237.81040895811296,-120.5652918527048
478,949.8634858640766,105.65159900976599,0.4751308873816453,10.07002631532915,10.07002631532915,327.71748424709875,205.83106720717947,-121.79616102933801
479,1482.2036728059977,109.81949903276502,0.5734877786049818,9.291554312010614,9.291554312010614,302.38300363149267,206.5138788460599,-95.78934369084419
480,1198.8643806002237,123.4694771497065,0.5181021558703707,10.425738073599758,10.425738073599756,339.29371641246075,244.43977520062026,-94.74083173313142
481,610.950415613246,107.99375903505283,0.4348643106208171,10.663618946238868,10.663618946238868,347.03527722776096,215.83429091100845,-131.09746090594234
482,841.4149954750729,111.72728037510187,0.6238283071433636,8.972016006929135,8.972016006929135,291.98399511028583,206.73212276577127,-85.17623449384669
483,1006.3814730208185,106.17666025197927,0.6702214944635239,8.411662793478174,8.411662793478174,273.7479409380755,190.62048592373415,-83.06434558345236
484,1072.2259538465705,152.0336622836079,0.5565509645631544,11.202515402907098,11.202515402907096,364.5730458014288,310.4886964719766,-53.923419736687435
485,471.7711722532547,115.06683242209066,0.5381158384882778,9.858041217627305,9.858041217627305,320.81867179702886,222.1289484323077,-98.59554569586558
486,1386.9258262248236,113.46362702539916,0.4861544016016226,10.313805060251962,10.313805060251962,335.6509845674907,223.55097671853088,-111.99829781411779
487,632.7105291131902,95.8195348542795,0.41494795457906997,10.265717328525676,10.265717328525676,334.0860243607335,188.32305352524304,-145.6778811228297
488,825.8429650585832,111.7715680884122,0.6669904504351406,8.679084105677333,8.679084105677333,282.45086155850703,203.47574557967596,-78.90434900409647
489,1118.4014589468943,76.0823387592963,0.5444602668220141,7.87015932862821,7.87015932862821,256.1253302660877,132.34082335343402,-123.74497326315475
490,1358.9894459936954,87.80434191361236,0.4865982833327082,9.020282776733545,9.020282776733545,293.55478190643913,162.7625667207805,-130.73212621814645
491,1004.4064584187591,84.30203373835519,0.5648280433843859,8.148238657830174,8.148238657830174,265.1751038549077,149.10664849886302,-116.02146632635353
492,963.7155554176655,108.39064887814055,0.41125078221979,10.986847487454693,10.986847487454693,357.5543802615694,219.57936003169488,-137.8646841801567
493,868.7625099029768,114.44762715655543,0.4627166847908233,10.625135096619232,10.625135096619232,345.78286437534445,228.5217324781425,-117.15221455073367
494,1518.0891553700217,92.00727628770795,0.5224684725751886,8.910066849130732,8.910066849130732,289.9679306523396,169.54498743903508,-120.36151986045661
495,1279.777249561927,71.63268534133937,0.32391911880192237,10.028243789759358,10.028243789759358,326.3577197602495,139.3762228108966,-186.92081264031808
496,542.3031056289716,125.25168206854364,0.44481418541075535,11.381856675923352,11.381856675923352,370.4095023283687,257.53812660236235,-112.73449524453355
497,1767.4597857004755,88.71504802685223,0.5184551303197037,8.74431380418786,8.74431380418786,284.5736874603148,162.3334758650082,-122.18318758401216
498,1462.6329857703627,140.12185776318245,0.7061503576636398,9.483488811417708,9.483488811417708,308.62929230207624,265.74982106960994,-42.77339447171232
499,1362.5098691779426,120.48125051622925,0.5592526949201183,9.881024519878114,9.881024519878114,321.5666370711474,232.98876444349375,-88.47880001350993
500,1233.5083228499914,88.97628567342933,0.41818011165776925,9.81730232936266,9.81730232936266,319.49287129213945,171.56164984070992,-147.85900259449065
501,998.9876627767144,96.59630754950143,0.4546771950672725,9.823368151897578,9.823368151897578,319.69027654598733,186.1884561281175,-133.42331908252223
502,1208.9162342370146,119.10610417141021,0.5088406886291847,10.327407716041632,10.327407716041632,336.0936674359241,234.8267617412305,-101.15985414879722
503,1443.2590243165787,77.1662177173299,0.4806340540720282,8.47086901436794,8.47086901436794,275.6747396528153,138.99849010471868,-136.6297292985962
504,784.9533038191585,62.6692676585388,0.4917319314157301,7.501610796654287,7.501610796654286,244.13133998846567,106.45645063190523,-137.64533583940892
505,963.475747485015,130.26899486484263,0.5630811684554777,10.273550953109506,10.273550953109506,334.3409607095334,256.14046565496585,-78.08463580775333
506,692.7439527012385,137.08185132668376,0.6221033695525353,10.005088131640864,10.005088131640864,325.6041453616278,266.49765691228015,-58.99089743291324
507,1174.6293110405848,95.47031802300336,0.404056076327652,10.395458257272274,10.395458257272274,338.3082944364327,188.63525509614115,-149.58608998852262
508,888.337967178684,121.77497239408372,0.6884586305934609,8.926398971679486,8.926398971679486,290.4994408933749,224.640849400163,-65.77699463192104
509,1462.9730584816566,90.22301156427451,0.38803825667109887,10.29489989630626,10.29489989630626,335.03573763828126,177.606053607792,-157.34910516768682
510,1042.2658740733611,64.63121268874298,0.5323167714184781,7.302367451030926,7.302367451030926,237.64719328059994,108.40902959313149,-129.20930130732225
511,955.7192241103994,90.67926996263516,0.34052969327332044,11.042527362720206,11.042527362720206,359.366418092834,184.12700632580425,-175.14616213976393
512,1154.080031970915,89.34598320676177,0.3830083164289712,10.319988971367021,10.319988971367021,335.8522328790616,176.01307353670393,-159.75897197104263
513,138.32133601550515,99.44970189898727,0.6772251596669744,4.246244335999542,4.246244335999542,138.18916333653863,152.62834980424813,14.453875933429288
514,1498.377764364361,90.85807486827457,0.4397787939638219,9.66920864387164,9.669208643871638,314.6733317475288,173.9774435927401,-140.6243652015956
515,1140.632276822507,80.03229121623417,0.5301791899819466,8.201850171955522,8.201850171955522,266.919829239497,141.95869515050012,-124.91593007439428
516,1229.824083515407,124.53866447768615,0.4899845923520047,10.770557183814999,10.770557183814997,350.515459810295,250.2220733475855,-100.17158073256377
517,938.8978749469102,82.44034826486877,0.417311964596014,9.463298018542952,9.463298018542954,307.97220605039524,156.18756649859972,-151.72249698038155
518,932.056332429542,107.34731013632356,0.5913584626233249,9.050645641093034,9.050645641093034,294.54290658564486,199.27796393087237,-95.19097996896375
519,759.0463147958965,129.85377137919045,0.4728876398957431,11.219245975297907,11.219245975297907,365.11752313666517,265.5025129433135,-99.47714540678965
520,993.5898116954692,85.05576641704353,0.2575759739727058,12.36552244573522,12.365522445735222,402.4217792905461,181.13730242106593,-221.17468701783432
521,1265.2136189083149,114.73687794184866,0.47186724428817867,10.536186908225899,10.536186908225899,342.888147359141,228.20518261587483,-114.5756030273389
522,1020.0972151674616,110.31878435408198,0.34374541431134575,12.162521048356233,12.162521048356233,395.8153310882791,233.4835089598855,-162.1940770903382
523,841.2841967961116,115.88529359243654,0.3745710576830751,11.943593776127392,11.94359377612739,388.69059351150634,243.3036472210785,-145.24743326843688
524,1088.0673796499889,72.8683639075319,0.5466429982433526,7.690134641442237,7.690134641442237,250.26663280696098,125.22766657341379,-125.00283347041248
525,989.3075553107549,67.69736368188981,0.6164739354457172,6.9313286280077735,6.931328628007774,225.57215933018693,110.57164056002163,-114.97331820361559
526,779.6225269605852,83.79495125971238,0.5200569197230943,8.480822208423369,8.480822208423369,275.99865496484415,151.07280396171342,-124.87521467677013
527,1344.5912048286145,79.68356362043207,0.5061679849847972,8.387578955338192,8.387578955338192,272.9641599826837,142.83270332655525,-130.08436762093893
528,1128.6449500991719,113.86211214526288,0.5176441555277225,9.988497099262077,9.988497099262077,325.06420919642017,221.26489461739249,-103.70362330267514
529,889.8916482750033,83.44819558702561,0.5086143883046375,8.559172629938965,8.559172629938965,278.5484797840409,151.12359658326994,-127.37351163357368
530,678.3582964043179,41.57299033010786,0.5436559804157668,5.711629407385292,5.711629407385292,185.87844378228652,61.412863183605566,-124.45430908220162
531,1271.1804523258586,52.741351289163234,0.39902692952900626,7.656205724092847,7.656205724092847,249.16245501349843,90.44046296639259,-158.69607239130852
532,1185.7462783015594,141.149909394234,0.5020793707675408,11.368330254719611,11.368330254719611,369.9693004273063,290.12346727578733,-79.69194655023892
533,781.5991176312597,96.3420711779032,0.6374876419148185,8.214109420141012,8.214109420141012,267.31879244458753,170.93799309987867,-96.32621878894145
534,806.2107462626394,84.01615986699493,0.45172564778179675,9.16643839668447,9.16643839668447,298.3112493255937,156.88558741483936,-141.3662716119407
535,714.0014175223863,102.4534063198959,0.6624678458469561,8.315504468542565,8.315504468542565,270.6185782779857,182.83516285597278,-87.72391647543836
536,1096.9237819348086,94.95292995747425,0.4708188731084456,9.539227474111044,9.539227474111044,310.44324330291437,180.7810090297157,-129.58949812935424
537,531.0427573910029,117.66219554294318,0.4922162802987198,10.443829698058298,10.443829698058298,339.88248762991736,233.10800893682284,-106.66631258211788
538,945.8560259228123,163.86215135689721,0.5298752908365686,11.945853219712163,11.945853219712165,388.76412451770375,343.9991757800709,-44.56760195621439
539,774.4626849714447,91.47284807588913,0.6148445709196755,8.139110053566952,8.139110053566952,264.87802387416565,161.6589925437139,-103.16816069704046
540,1033.9811231613294,71.23444043365267,0.5919228934575204,7.276095821384306,7.276095821384305,236.7922131539089,119.20749715732293,-117.55313612605265
541,799.5567743383018,137.4659555243509,0.6080048065714648,10.147280745802318,10.147280745802318,330.2316412918593,268.852688286614,-61.25969821259713
542,865.8034313023746,125.62032723470226,0.5067855510527404,10.64215576649266,10.64215576649266,346.33678260122133,250.95551351206484,-95.26133342325215
543,1255.8321025366658,109.6946563458895,0.41536433450091265,10.998330293693853,10.998330293693854,357.92807505192627,222.32188895244113,-135.49428789284872
544,806.9350503047614,120.59921635162323,0.4665224667893459,10.885626213377694,10.885626213377694,354.26024971473026,243.2413862148702,-110.89836312632207
545,878.905461027401,80.89754841301294,0.5423599065593461,8.156417038778244,8.156417038778244,265.4412599051095,143.06232361770967,-122.33375340423189
546,1618.7574757729435,78.64934171491454,0.5024219456672758,8.356826508949425,8.356826508949425,271.9633568020972,140.78086446165904,-131.13635791506957
547,1423.6661666246287,98.40717217508569,0.5452371796249734,9.012093769582139,9.012093769582139,293.2882800386084,182.42684434743447,-110.7942138967936
548,681.2819415559361,108.56614194415297,0.48128557349954515,10.13263867961006,10.13263867961006,329.75513200117337,212.21773981504393,-117.44348196083214
549,1295.718998703959,123.74772103129501,0.7589563642018614,8.560509310727326,8.560509310727326,278.5919805308598,223.75984587018536,-54.75593027726569
550,1173.8899519640727,106.51592633164333,0.5194384301577336,9.631389889010284,9.631389889010284,313.4425636430151,203.59849571197006,-109.76087847236519
551,894.0501121567935,106.76967686923382,0.47045985898609705,10.165152616266814,10.165152616266814,330.8132608670236,209.0008438262955,-121.71946332734217
552,1050.5382928808842,126.3519507121592,0.3993457434720359,12.073517248518728,12.073517248518728,392.918804261256,266.58632743944537,-126.17702212554576
553,1341.9635683387137,126.34230134679731,0.48819314730089214,10.886667776063165,10.886667776063165,354.29414618056654,254.88950833178313,-99.27837480965388
554,363.4435302974216,87.84356025811135,0.629699454656111,7.862486609043129,7.862486609043129,255.8756303863636,152.7322860503,-103.09778927650112
555,993.1395813103354,80.01395535410178,0.44952250787717823,8.941867466206174,8.941867466206174,291.0028453486006,147.82997381074543,-143.11906963327587
556,1252.1860079513658,110.9346713640276,0.4761067900830306,10.312262463410518,10.312262463410518,335.60078251833454,218.48450288434947,-117.01686650854265
557,889.9526764555937,92.16483701912357,0.4077589815501497,10.145913150724354,10.145913150724354,330.18713447485754,180.24161304449885,-149.8655880588246
558,1484.6127068408325,93.5535906157732,0.6217158520825496,8.16613436813059,8.16613436813059,265.7574992702543,165.80985548610047,-99.89526641904999
559,1456.3948155767355,119.9662179629592,0.45683796872819515,10.964669004266794,10.964669004266794,356.8326069029745,242.82824868833563,-113.88273393413661
560,1121.1190271009827,99.51608787218167,0.40962981392698716,10.54201104914621,10.54201104914621,343.07768736137507,197.89190693713317,-145.09255754964278
561,1097.307784516481,76.41920417680396,0.6187679388461564,7.384530563826938,7.384530563826938,240.32109777501333,128.75469501077725,-111.53149435119957
562,860.6148108104821,104.02319311745678,0.5283287871546142,9.441203294381998,9.441203294381998,307.2531585334945,196.9201445585524,-110.25497094466067
563,922.3285078887768,111.7338760295055,0.45250963433774755,10.628383519958058,10.628383519958058,345.88858059604087,223.0167264847845,-122.76545398519232
564,1261.3891892371732,73.08040639506503,0.5126379579546412,7.946086399302622,7.946086399302621,258.5962899049709,127.7668588282848,-130.79071309486432
565,1581.6786997174854,79.9933735078885,0.43222550294751483,9.137479858124369,9.137479858124369,297.36882682269095,149.1957695403377,-148.11687021428108
566,1154.1723548976745,103.59163563879196,0.5350630099273559,9.363213190386704,9.363213190386704,304.7150598357185,195.31557425357693,-109.32305459530076
567,1146.756139044299,112.6944293712354,0.6109699841956223,9.126855090072734,9.126855090072734,297.02305590337465,210.01562345771438,-86.92846171665468
568,1122.9455970785539,95.17484690762915,0.5672573701202731,8.661293498805719,8.661293498805719,281.87188661399085,173.31417529140242,-108.49770137097289
569,1569.9645804685647,97.34732507234853,0.40254706953293584,10.517116033496405,10.517116033496405,342.26750756208037,193.37510750304205,-148.8016414770901
570,1332.124200786092,97.59237672092803,0.28273304539859634,12.648922013800256,12.648922013800256,411.64469396571513,209.83740645119155,-201.67545398654886
571,1254.2265031451266,89.29343628092154,0.4909466717695839,9.057204073796235,9.057204073796235,294.756343273772,165.8412730503897,-128.85345679640756
572,1099.5940991707043,103.80999359558133,0.570945181713904,9.055605861957666,9.055605861957666,294.70433129816945,192.78720192109103,-101.8455248535017
573,869.354088829047,110.26211596352165,0.4740453322416083,10.285081747773434,10.285081747773434,334.71621722826563,217.07232210319665,-117.54560807701782
574,1221.6431442662508,112.30734968026107,0.40645612979554047,11.262010661697913,11.262010661697914,366.5092509239394,229.9470334817471,-136.4420663659369
575,1325.7946348525097,89.28073109771904,0.5808057798281145,8.27032568594453,8.27032568594453,269.14828649217014,159.08586440717582,-110.01114037860677
576,1110.1861940204021,136.76367353590246,0.4776534017628148,11.462660163628739,11.462660163628739,373.039159379899,282.2586658256763,-90.62889254782249
577,895.2049611645407,99.61160788224535,0.4696820217165725,9.820667646347262,9.820667646347262,319.6023916827872,191.92213458775745,-127.59935010911056
578,1239.982570582615,67.67378783126824,0.3946317580853646,8.763825751204303,8.763825751204303,285.20868145027663,123.89764745903997,-161.26733877354445
579,679.6591235262421,119.00615183947151,0.6710613372581925,8.938923847056378,8.938923847056378,290.9070486314774,219.67199231850657,-71.15508891915093
580,968.6652344387586,96.62356553619979,0.5070052163113181,9.287067978099614,9.287067978099614,302.2370010276497,181.48965476348764,-120.67721997525965
581,1348.5634907824572,81.45293731618852,0.5238368982734785,8.32947775562945,8.32947775562945,271.07332291790834,145.555083639882,-125.47077552271261
582,1292.559288934729,110.0218833987969,0.5189581616598743,9.81064912617038,9.810649126170379,319.27635040688216,211.96145962543966,-107.22571179448636
583,1300.3138277701423,45.93535414001526,0.5677875319530907,5.873755071364266,5.873755071364266,191.15463801131253,68.96082977194052,-122.18062321774197
584,803.7772950617729,63.387342062870864,0.551120259952498,7.088722054697102,7.088722054697102,230.69434831127606,104.81560242072842,-125.85209129041111
585,1412.0975635488874,97.25102970744616,0.5952874547202939,8.548329366790677,8.548329366790677,278.19559819180745,175.93393996360496,-102.20194247791784
586,1483.6834773965936,126.29828907168095,0.6639964529371393,9.255238519116203,9.255238519116203,301.2011477044949,237.1181594728379,-63.99195706972756
587,1222.6382473215676,101.50867277803185,0.33980341881028314,11.722031628479838,11.722031628479838,381.4801069290722,211.47954988688838,-169.8828624158735
588,926.1812535610154,83.13506809367617,0.7170942717497814,7.143647645133954,7.143647645133954,232.48183880584915,137.75949905736843,-94.68683019606817
589,947.234256270299,102.46409613568972,0.5551485376040468,9.110706383327987,9.110706383327987,296.49751471981523,190.9803221339487,-105.44564667329672
590,1013.0807339117362,133.90102080861504,0.4377350638265548,11.8920776566905,11.8920776566905,387.01406034948957,280.4279347072063,-106.42631701231448
591,1058.3822365711728,85.15058828603904,0.3679977488779294,10.277321490927482,10.277321490927482,334.46366854854716,167.4331638232608,-166.95471715577386
592,816.4692727284144,99.25926405903176,0.457069777548274,9.93539981032628,9.93539981032628,323.33621868224526,192.31032805117437,-130.9433621393945
593,792.2737060378432,71.87365072656333,0.4916894427371305,8.058487821182347,8.058487821182347,262.25426556965675,126.45819032804386,-135.7569001905462
594,548.5838877906994,115.20111927379205,0.5082439752934503,10.165077109861782,10.165077109861782,330.8108035974667,225.43996343428964,-105.27054753281993
595,562.7345501605208,93.81581845900273,0.4247843594409417,10.012267894582811,10.012267894582811,325.83780253144505,182.48235455041595,-143.27622569680062
596,1095.752353125754,126.80900892046289,0.3124827530354255,13.737980398209384,13.737980398209384,447.0868529790904,282.194962905367,-164.68972468281487
597,1034.507823744225,96.79734408866719,0.5671340076450466,8.742120543977494,8.742120543977494,284.5023103163101,177.01213634261913,-107.42798632838185
598,1063.9589884713068,84.96061336522362,0.46809460643333817,9.023692496266948,9.023692496266948,293.66574732723194,157.71454483372736,-135.89301530692273
599,761.1922429589533,121.52014277197196,0.5021311648671942,10.502459421209872,10.502459421209872,341.7905248853999,241.43444832903938,-100.24309863390408
600,1570.357205725902,98.78678372370759,0.42915932330895373,10.230211911532983,10.230211911532983,332.93054119022014,194.0118412408095,-138.8315847660471
601,545.8856822161518,63.9372064748811,0.341586405699451,9.19247758048503,9.19247758048503,299.1586647681906,119.57519973276663,-179.5380091839814
602,1080.137995303445,110.17450046459868,0.34188092979678664,12.214547401125856,12.214547401125856,397.50846921029756,233.38847125756877,-163.98124910128527
603,1268.5114942228347,90.3387789663312,0.514679301198555,8.887499127712431,8.887499127712431,289.2334899809049,166.3373428004443,-122.83614540106845
604,1483.6661884766272,117.93678631731063,0.47314693520941675,10.668475748363555,10.668475748363555,347.1933362957264,235.90593931641075,-111.17423635655646
605,732.6423323754138,56.9636919734139,0.42808466807575796,7.677091292515452,7.677091292515452,249.84215194041784,97.85033382613732,-151.96366871326995
606,936.6609283516916,80.25640945697631,0.48687430329076953,8.606050896531647,8.606050896531647,280.0740793319023,145.51164219817622,-134.51248281085316
607,1023.0555648876305,95.50288036383843,0.434999741917654,9.997160379732426,9.997160379732426,325.3461457467496,185.5059753522545,-139.75976826426583
608,1050.5964015900183,108.83881299138818,0.3909600922557154,11.299371058788635,11.299371058788635,367.7251022992636,223.2201021568843,-144.38778225278492
609,1423.279713923881,98.02823735431477,0.5018849622944848,9.403272819956902,9.403272819956904,306.0187546436091,185.21649833841886,-120.72930513125473
610,1212.4643269769672,104.66432262527003,0.5953136633913245,8.904656845992205,8.904656845992205,289.79186829035467,192.79166392402354,-96.93041680771822
611,1086.1372495605472,87.75125250719124,0.5361503525206102,8.54427053584743,8.54427053584743,278.0635081828985,158.82023097638572,-119.18944629857916
612,656.8821378038015,102.17119411553047,0.49667700093555395,9.648630306491047,9.648630306491047,314.0036333033361,195.44026262687643,-118.48328650177817
613,937.5649428182381,97.42924977122138,0.3118150954502361,12.014002894330654,12.014002894330655,390.9819777008908,204.99975419974476,-185.86353682980214
614,835.3825276777116,101.85689802282229,0.51598563919974,9.446773955512198,9.446773955512198,307.4344493259926,192.93879695991498,-114.4191437121184
615,691.6974577222126,125.31415681729402,0.4133825151785499,11.817926601929061,11.817926601929061,384.6008991163659,261.9225505233819,-122.53065529887533
616,1290.837160158021,108.5438872374337,0.4353772690156197,10.670236772912792,10.670236772912792,347.2506468247064,217.12743800184236,-130.0190261298433
617,1532.5932677828537,76.1272633648704,0.5919154173610002,7.535242154394726,7.535242154394726,245.22583404492443,129.62347888292967,-115.56612870774714
618,1300.1746954128935,86.58759581846711,0.639246530006433,7.750928962639851,7.750928962639851,252.24511442910568,149.4183876668401,-102.78310190629955
619,924.9860456203141,105.77387258559715,0.526032183877122,9.550470681541912,9.550470681541912,310.8091406242057,201.2410960267297,-109.48682685593363
620,959.7073775588357,116.21616546319564,0.5793488720552213,9.52558535705676,9.52558535705676,309.99927621277595,220.98240644505648,-88.92810179725055
621,475.4404080285458,126.08680485756305,0.3337508011964325,13.251153790151989,13.251153790151989,431.24363804982505,276.38786814338516,-154.6687853731429
622,1309.7638613024972,122.53410273655166,0.39090335697848017,12.034124742069745,12.034124742069745,391.636820212019,258.00431020455363,-133.48273858336796
623,876.7557136136246,77.88590663028128,0.47850789697112645,8.540596109762527,8.540596109762527,277.943928190266,140.7728029228392,-137.12338770820128
624,907.5897147442777,115.59321064538679,0.6310308746119608,9.09195930074415,9.09195930074415,295.8874123676501,215.05797093890092,-80.74906256668052
625,1418.7051432369867,88.75663946843396,0.4790778126255472,9.155071811888204,9.155071811888204,297.9413368291146,165.58144782532776,-132.29730444295123
626,494.96854233371494,83.88259867007622,0.5964851633097458,7.893966398400038,7.893966398400039,256.900104111618,146.1449785860103,-110.71127178327302
627,1484.6748470644695,75.31302256240156,0.44075357408471055,8.759572206150255,8.759572206150255,285.0702546934247,137.76271769201514,-147.25895693100594
628,992.0782729123218,105.60322317639213,0.4190396480078354,10.730968480182494,10.730968480182494,349.22709074821034,211.76569959571725,-137.35886738072963
629,1127.2183133392268,90.52321305858167,0.4985547729121721,9.040633435835057,9.040633435835057,294.21707082155007,168.05607895168387,-126.0987600933081
630,1163.8852744011099,100.12844539621875,0.4563614109473431,9.978486958864991,9.978486958864991,324.7384406308605,194.46151197483687,-130.19294902941064
631,967.1170588222508,98.2327408158933,0.4629988970117872,9.80716090992245,9.80716090992245,319.16283040033153,189.28302853360805,-129.80023564845357
632,922.3611811998693,131.97294341009433,0.5560919447941238,10.402013147806542,10.402013147806542,338.5216158487248,261.0242284268658,-77.37704086308105
633,911.3559045912518,113.93908809021471,0.466618051024399,10.557951902129302,10.557951902129302,343.596464182089,226.8374482085442,-116.65195728075128
634,1351.9373912759925,107.39284384396188,0.4892697855995771,9.970527570810786,9.970527570810786,324.47941145381657,208.58966334772452,-115.79982027434491
635,1134.3150777430833,68.58247695863001,0.3873232531090195,8.923269044542087,8.923269044542087,290.3975809959699,126.54821023261744,-163.80344869890803
636,641.8224980802834,102.85886189527413,0.6732514999485092,8.263790085354856,8.263790085354856,268.9355928490531,182.99897904362325,-85.87762725041944
637,1669.3900438577898,112.76102202881515,0.5500844474944457,9.6441950592295,9.6441950592295,313.8592932560459,215.51784369171776,-98.25314665093387
638,459.68267975417837,89.14652400531956,0.42122162480917613,9.803201471430754,9.803201471430754,319.03397500503286,171.67412825024667,-147.2876988513676
639,813.7457205246652,96.63712362830421,0.45279094223028726,9.852246217859026,9.852246217859026,320.6300801602442,186.467912085666,-134.08316798915132
640,406.2100568872637,114.95820512235068,0.39272569742601937,11.608709335763553,11.608709335763553,377.79216257667645,238.42411923692134,-139.23733045863023
641,1071.7740592333448,141.48165339499946,0.40806154084135765,12.679855028007555,12.679855028007553,412.65137351934885,304.4976835512105,-107.9616291324175
642,240.9137431761011,94.27991556239779,0.6100959634998571,7.395667558555801,7.395667558555801,240.68353852544715,167.23111954819188,-73.40922018101213
643,1587.5042362661782,75.40900811095166,0.5496699223236522,7.8052207933148665,7.805220793314866,254.01197993738154,130.55389440963168,-123.4195526597762
644,860.406862965984,97.88103291391728,0.7644343347017035,7.508834343118083,7.508834343118083,244.36642204290416,166.47277477450677,-77.84739863015929
645,549.108901481454,105.07479322989147,0.5467693171765433,9.314249755154378,9.314249755154378,303.12160086034254,197.7596970946665,-105.28519333300301
646,1325.7358974818042,101.95966306941791,0.5308050539504102,9.32916588886455,9.32916588886455,303.60702936480925,191.87517611374952,-111.65717660186544
647,882.5054297734627,105.38253882490214,0.46568077245025896,10.142366632883366,10.142366632883368,330.0717171096699,206.14798233550204,-123.83240215078848
648,1186.4715669568152,92.60779327912732,0.5377100393902187,8.78667766824169,8.78667766824169,285.9523709429561,169.72613509433367,-116.16612642179871
649,991.2211558945065,122.52100501544336,0.49486062764115135,10.630319238708,10.630319238708,345.9515763478965,244.6983511256641,-101.13651016048806
650,468.0902595379356,125.23843001427983,0.4094267699137381,11.881190755560253,11.881190755560253,386.6597586090641,262.28460689392955,-124.22595642705733
651,803.870098405354,88.08677411913015,0.6374438093170818,7.830607464077207,7.830607464077207,254.83816008975901,152.78566560479646,-102.00718697844465
652,359.2977358063913,162.75497067319986,0.6056056809066052,11.029867260928778,11.029867260928778,358.9544095657974,331.1587338805884,-27.62869285021725
653,1066.971674238748,98.90211998767427,0.5285554074857657,9.180392271052384,9.180392271052384,298.76536220078964,184.95232433386155,-113.74291010014608
654,1156.3367285138015,112.90431171900114,0.5555604466003449,9.593971008261462,9.593971008261462,312.22480898395537,215.35019975257785,-96.78711913742507
655,1026.8742043765747,96.05323159385348,0.4848726716346488,9.466486422152004,9.466486422152004,308.075968997661,182.09856541123693,-125.904950622802
656,941.5275158941957,122.67540193734129,0.5593556722280861,9.981652103445292,9.981652103445292,324.8414466396487,238.22747860706605,-86.51101213195679
657,117.88340960071594,113.11801553059522,0.5194736194718775,3.6188326020017874,3.618832602001788,117.77076634189947,166.28362510929614,48.52486223039071
658,994.3873730662308,92.22963093822229,0.6124112719986013,8.189185565279498,8.189185565279498,266.5076741061457,163.49784997581895,-102.95789314206777
659,1284.2579386368575,84.54244664352782,0.5407052287124535,8.366396392755997,8.366396392755997,272.27479772066295,151.2847896815535,-120.94030207745033
660,708.5029796376142,72.40763670422139,0.43732827754100345,8.621586389875882,8.621586389875882,280.57966418698453,131.42417548160046,-149.1102553875538
661,1258.7180417148277,119.06250090752174,0.5513085420097293,9.901904645214035,9.901904645214035,322.24615685903865,230.37833156161264,-91.76950231973487
662,1217.5287360543991,110.32356574229917,0.43585184047770476,10.775117761594556,10.775117761594556,350.6638785958899,221.45288275585742,-129.10300136734702
663,1129.5767634021822,116.00819050455365,0.5754291329813574,9.545501737818974,9.545501737818974,310.6474320362383,220.84927589514842,-89.70917338900458
664,1356.6740114423928,114.16607694402127,0.5351448207541583,9.83870243863383,9.83870243863383,320.1893133622346,220.26978282563127,-99.82645883493768
665,1321.0450714949282,99.4695748150188,0.41181253487722824,10.513993799097703,10.513993799097703,342.16589801605414,197.53675546194384,-144.5364607365607
666,951.0799108168708,85.10194710387103,0.4324821725025618,9.439953347980415,9.439953347980415,307.2124804580513,161.07887849201688,-146.06977156419956
667,956.6443987853446,84.15160158000077,0.46920384703609597,8.995437217916873,8.995437217916873,292.7462116231899,155.76083241531938,-136.92810941548427
668,431.9155999138643,104.26587414745877,0.5001205475362224,9.728663501481828,9.728663501481828,316.6082220598431,200.0796167390667,-116.4455081831953
669,754.8734106795428,113.1849133686481,0.5937570137626559,9.278642391554177,9.278642391554177,301.96279995413573,212.61012194100482,-89.27068216578988
670,517.7320406893077,84.74550442867572,0.42308576502127015,9.513855351644185,9.513855351644185,309.61753660816714,161.08528555024202,-148.46768142594323
671,718.0290696673405,116.58949683863497,0.48061738612271965,10.524724188704614,10.524724188704612,342.515106268034,231.7645010995218,-110.64174854116996
672,920.6455476068168,59.92275271186493,0.5635418030209226,6.818044274142641,6.818044274142641,221.8854496542921,97.03056102809116,-124.83160306754313
673,628.2224815439582,101.19865260532657,0.5277376937958191,9.304881133271339,9.304881133271339,302.8167097807931,190.36580767120068,-112.37717116624236
674,1408.1975787515953,73.82359201761776,0.19804878441791746,13.154898277548217,13.154898277548215,428.1111125282775,161.36439306623456,-266.63882961162926
675,1055.1548634261085,136.01022363021707,0.6238946352939437,9.954166432502843,9.954166432502843,323.9469569280984,263.7515083711963,-60.08193325528424
676,1062.8978245823878,90.16727628735906,0.5807122596637311,8.328791992642218,8.328791992642218,271.0510055461431,161.06974468728794,-109.9287278722665
677,707.9361400886594,109.52715538712438,0.5505470159166627,9.484859241086653,9.484859241086653,308.6738913675981,207.85277743999245,-100.73817419953687
678,1318.062972249664,155.19320077822155,0.5392415967178767,11.502833064700756,11.502833064700756,374.3465404792103,320.66123967268203,-53.51205735446257
679,847.3109122877504,99.48851375616012,0.3230924095110882,11.925005689583172,11.925005689583172,388.0856655035263,208.6618070791805,-179.30445935472534
680,791.5860606732825,91.81435123773792,0.4475911602065408,9.632602548272917,9.632602548272917,313.4820282511854,175.51158435796134,-137.89871824935605
681,1045.7064616101165,83.55160135235599,0.6121030667324472,7.776344193293786,7.776344193293786,253.07222403047666,144.46427803226265,-108.56557116237053
682,1000.0621194754591,99.8139935772277,0.46721052834870824,9.833933631440843,9.833933631440843,320.03411798863704,192.64294827678748,-127.30987767000323
683,1046.5572051576937,116.5019652933527,0.41328697842890993,11.38456789145035,11.38456789145035,370.49773573550556,239.60604892008564,-130.76430745494216
684,802.565053277423,93.9254794244667,0.36541290765267853,10.851336690317213,10.851336690317213,353.1443364210075,189.19725362880092,-163.85382775515973
685,754.2226420835507,90.47558252910682,0.5874389180712728,8.29722581567674,8.29722581567674,270.02372043501305,161.29323989826847,-108.67817058842013
686,1078.7683987005776,103.8717982273509,0.5850897962167972,8.950396961846963,8.950396961846963,291.2804280247293,191.78582348178662,-99.42462604244216
687,958.788463480181,107.80929699857779,0.48967782470675036,10.01733122737235,10.01733122737235,326.0025829035845,209.54746672962193,-116.3639844637004
688,1079.6087048198885,88.34482684776836,0.25611828417235705,12.639842737656968,12.639842737656968,411.34921931219475,189.92570408295614,-221.30434567981445
689,959.7162513441087,128.4549627219988,0.5926215402241592,9.909059671180756,9.909059671180756,322.47900899230143,248.76596651138755,-73.60680872746505
690,1289.6192453773513,124.72261443612436,0.5088657590961437,10.58091155803729,10.58091155803729,344.3436599130367,248.51993994658017,-95.70601574025724
691,1059.1947122216786,87.646962091313,0.468392714397295,9.178574337334895,9.178574337334895,298.70619962804477,163.90560868840092,-134.73846858720606
692,1184.7313449313424,124.07768874337633,0.48605537243190006,10.812513072644887,10.812513072644887,351.88086620608084,249.54264448558573,-102.21591436565569
693,864.9432205445765,100.01055917713195,0.5601206748929115,8.95710813318683,8.95710813318683,291.4988354170223,184.91457421031777,-106.51678210087346
694,566.8435551599375,54.07638093725524,0.44494631505084165,7.3158167901677436,7.3158167901677436,238.0848866339921,90.72834155780711,-147.33230602993763
695,633.7862722257523,89.83719604705378,0.48522196811825286,9.134104758353613,9.134104758353613,297.2589880624614,167.57156522724983,-129.62436848039377
696,864.025477293096,129.0493506894149,0.532674476460232,10.514098754173665,10.514098754173665,342.16931365891105,256.4562360265548,-85.59283213438124
697,1090.1423078832486,112.44414288086804,0.3861166882219231,11.590698548680225,11.590698548680225,377.20602211910153,232.94375503831478,-144.13481100033
698,1311.7335362260806,98.4847142692908,0.5670480617241213,8.827547317662171,8.827547317662171,287.2824269200445,180.86866873172636,-106.34923297373376
699,678.4428300879533,68.92482467967872,0.5817889658025028,7.213394314850422,7.213394314850422,234.7516643672084,114.86731256320593,-119.85432674224344
700,1112.922857829255,81.9589689128498,0.4130336918725306,9.473166023343703,9.473166023343703,308.29334897560454,155.44056307427275,-152.79087631962113
701,1337.630435324431,76.21176214265344,0.6642672953255964,7.111030841234824,7.111030841234824,231.42036224329718,125.93851868295357,-105.44959157236565
702,729.8137796056394,112.76783851216766,0.46713815242510154,10.495623165125414,10.495623165125414,341.568046753217,223.9162151690695,-117.54712796366042
703,1180.956229324703,89.11771995771615,0.48372070939277056,9.108730234158116,9.108730234158116,296.4332032062037,166.0310752398724,-130.33992841658863
704,1012.2757526187163,79.95625088437055,0.5740824345420126,7.8699083119744655,7.8699083119744655,256.1171612163064,138.96160926559423,-117.11400803079314
705,846.0359300585244,95.42800169319963,0.40056506253914875,10.42517844210221,10.42517844210221,339.27550384570685,188.91024096802244,-150.27785142879543
706,231.2999023614068,96.17944474799663,0.7412615421612916,7.100537983592609,7.100537983592609,231.07888419732274,163.828054424672,-67.21024927032227
707,1235.3812863694072,99.6147924053121,0.47371091707917323,9.756284563401607,9.756284563401607,317.5071179158355,191.54374700939266,-125.88352596291907
708,1006.7397678436139,110.9423823035042,0.3819187184691155,11.570154114513368,11.570154114513366,376.5374270162075,229.7043842169984,-146.70773637416204
709,1334.2965084006617,114.30762630882488,0.5718185725707935,9.512411992456311,9.512411992456311,309.5705641348981,217.17360180956044,-92.30989522205627
710,1131.5427216429182,100.3923331538798,0.567286123596682,8.936231194207306,8.936231194207306,290.8194193254541,185.21831992228493,-105.53368073024197
711,1177.5442401224134,92.91918578117952,0.4426398227103099,9.76992689248897,9.76992689248897,317.95109190634787,178.59576815355183,-139.28063570566857
712,1030.556888578596,130.98040302990375,0.3760892924346099,12.698916294756316,12.698916294756316,413.27170063567013,282.16810963472847,-130.92524879740728
713,559.7424202742679,103.29521682473033,0.5050887701856018,9.632223821747319,9.632223821747319,313.469703029751,197.31646269374846,-116.07255219641237
714,1052.0024993111224,104.87906395817001,0.4776797745365195,9.989081771997693,9.989081771997693,325.08323670161474,203.72113450878604,-121.27395000613356
715,1446.9590315806247,67.98192043046969,0.4171502975219754,8.537049133372534,8.537049133372534,277.82849590212555,122.9093300070207,-154.87753357342297
716,969.0235719552858,67.13622377691665,0.4824145595567929,7.861195299147302,7.861195299147302,255.83360618332853,116.65742464810936,-139.1413767153436
717,1498.4410497184053,100.41772976591923,0.5230700905718684,9.301250668620426,9.301250668620426,302.69856046272884,188.94828700664664,-113.67716899427953
718,621.9505704482259,87.67277183921045,0.4624803619676063,9.250209087498344,9.250209087498344,301.0374706071979,164.46791076753934,-136.50643772476752
719,904.6854709731298,125.63287590007538,0.5557691060725125,10.147073296600226,10.147073296600226,330.2248900949419,245.69939006306817,-84.41651518513936
720,666.5626129188904,104.9300955686401,0.5498221748496785,9.278749924483666,9.278749924483666,301.96629949028613,197.1583252256469,-104.73195677420065
721,1342.04471155638,131.61081373136747,0.3984905808172131,12.371961420125817,12.371961420125817,402.63132834457446,280.2927768588178,-122.16849083319715
722,756.7427466368986,74.84844282170768,0.47659801408930186,8.371457659255581,8.371457659255581,272.43951084776006,134.08540406440565,-138.31004655260813
723,1139.9075123339003,119.74669033178203,0.49240489763574774,10.543539483057815,10.543539483057815,343.1274284941849,238.17669049700763,-104.83853114833846
724,904.0457430235468,103.03515984497481,0.4164857098369977,10.639947787801104,10.639947787801104,346.2649264610872,205.74420450450708,-140.42239046383014
725,1626.861616508432,67.84677945763883,0.5184740578895725,7.598791320103253,7.598791320103253,247.29396892956694,116.04306254035879,-131.21806706488226
726,1607.081865768892,100.13599689119995,0.48099609649985053,9.728694009968358,9.728694009968358,316.6092149236292,192.08982166956503,-124.43958701514185
727,892.7663731568719,96.39216636475184,0.637284847467653,8.202747241331673,8.202747241331673,266.9490233359116,171.06286043959804,-95.8317064320766
728,336.4414266011479,130.66867402592652,0.3576042847549855,10.328215033583751,10.32821503358375,336.1199406615947,279.02524415647855,-56.9772341463775
729,920.0043012296755,91.41511159402677,0.558855326977072,8.566093364387907,8.566093364387907,278.7737071679353,165.42822038722412,-113.28911882013693
730,520.5626944348758,109.24345332163885,0.7024309623286853,8.334145577210538,8.334145577210538,271.22523183031507,195.2253967206816,-75.93610537799745
731,591.0477986221568,103.79412335220792,0.4338017822203391,10.443372432492513,10.443372432492511,339.8676064452849,205.67674092654119,-134.09545664332143
732,1127.7661618579107,100.38295554831504,0.435851309095569,10.257962049211528,10.257962049211528,333.8336376690923,197.17192962450338,-136.57270138633447
733,1146.3616854613222,136.08696219573486,0.4809096208272701,11.41345129400141,11.41345129400141,371.43771302296517,280.12661806253175,-91.16154249746558
734,1215.9273826444546,74.13454084257673,0.4043563623181991,9.079548017999858,9.079548017999858,295.4835013718022,137.95407347068033,-157.4780195110104
735,1141.7218833641132,129.6823205707193,0.5355613348785659,10.52523732768406,10.52523732768406,342.53180578898343,257.68369657387075,-84.72701627794652
736,906.0825908430537,99.98582810846708,0.3749592266030283,11.053723839076246,11.053723839076246,359.7307946047651,203.0877631885062,-156.54000174752022
737,1181.35459790661,117.64666124646818,0.45479096671669195,10.8906010231499,10.8906010231499,354.42214920655914,237.32294733509224,-116.98154359303365
738,858.9873556721495,105.31756459304097,0.45632802639594044,10.241623678895449,10.241623678895449,333.30192410161806,206.9641949636868,-126.2446461743543
739,980.1602156122533,141.99443578333032,0.47529742992540036,11.746594989926926,11.746594989926924,382.2794934218202,295.83062593155404,-86.28353778412196
740,892.4979543936333,87.04916388729681,0.5744191971499937,8.227706695773051,8.227706695773051,267.76130022194684,154.55617284473877,-113.15564649073676
741,945.6327480345691,87.01253923357149,0.6321304032273012,7.816729819362984,7.816729819362983,254.38652802142,150.77196603637748,-103.56996723062414
742,1425.8809013540913,87.9915286852259,0.3133460048639384,11.34836598582043,11.34836598582043,369.31958613922023,180.81440287137792,-188.40959004329287
743,1302.2541069510767,86.30740348479992,0.5790625599162769,8.163496680498742,8.163496680498742,265.671658744334,152.6002832037234,-113.02308658491893
744,408.9688546864494,117.85194676598618,0.3788828070719219,11.976597467923167,11.976597467923167,389.7646608979752,247.72539936800996,-141.89659245965865
745,1219.2292357199574,100.28546135672869,0.4046060580603355,10.640303734617664,10.640303734617664,346.27651034295565,200.3401057577484,-145.84069082436827
746,877.8891061219658,113.72636913913402,0.5105894453115234,10.062335856732156,10.062335856732156,327.46720707152906,221.64909007801754,-105.7211121653497
747,1175.3238941417453,139.5288116903097,0.34357583882889486,13.760457026178445,13.760457026178445,447.81832911844924,310.54868725271587,-137.046467686592
748,1485.1637724905872,102.08711875046426,0.4101215951676872,10.679244301868486,10.679244301868486,347.54378654810006,204.13824207794013,-143.30739268692213
749,600.905912278303,96.21759218445933,0.5921650111924459,8.530976976933113,8.530976976933113,277.6308845186029,173.8307763019607,-103.74126885295053
750,961.7352638867397,130.22309860494695,0.35488243099484407,13.062554855277584,13.062554855277584,425.1059015103846,283.6930805102201,-141.22517618025256
751,996.3733156461836,74.95213111173761,0.5363631882624967,7.8687460349932525,7.8687460349932525,256.07933624183715,130.37544308682368,-125.66496091759814
752,1266.06621702919,91.58476412637893,0.23957861433728656,13.3444555021962,13.3444555021962,434.28003551191813,201.26067694379665,-232.88161522085096
753,1059.6844440389484,108.73477103467019,0.5404294754961698,9.541013199871383,9.541013199871381,310.5013577045463,206.90434365070257,-103.51368928515919
754,1370.7346575466463,78.57892640701903,0.568021610545045,7.834596877217458,7.834596877217458,254.96799097569772,136.33229760743723,-118.59523458972265
755,1357.7522537433924,64.42824831986967,0.5319651825918977,7.301446348823519,7.301446348823519,237.61721706319062,107.99820299470011,-129.5902496741735
756,848.7460506976986,98.36954653796708,0.5347676483538336,9.102349579460972,9.102349579460972,296.225552099869,183.1989623717383,-112.95802981271999
757,853.8314307659343,86.48583841676776,0.5034152417488025,8.789562570632896,8.789562570632896,286.046256790355,158.40953951073521,-127.58054427398957
758,673.8262183411592,78.28349742229629,0.5679373282956504,7.826904275844019,7.826904275844019,254.71764406592035,135.6940568673467,-118.98336050531543
759,655.3617894524032,113.32625001818424,0.5462591292853951,9.706853430580251,9.70685343058025,315.8984382575669,217.213222067083,-98.5953055035938
760,482.25798136282094,86.4487069532869,0.6194109403047372,7.869085468469298,7.869085468469298,256.09038271593323,150.32502244810033,-105.72045247079666
761,705.6503406580955,90.71191475381225,0.5462060893251897,8.630241423867359,8.630241423867359,280.8613323650947,164.77215587048727,-116.03239356581432
762,1235.0171527847785,94.96922227911008,0.44024898053083583,9.90521288837131,9.905212888371311,322.3538198472803,183.71009722983405,-138.56524333936534
763,1426.7109585095523,134.7779932759516,0.5978858050781796,10.127407711497257,10.12740771149726,329.58489612924774,263.41381923857875,-66.05461439756454
764,1025.5954427695071,83.83468556718148,0.4169555593443435,9.549244829738164,9.549244829738164,310.7692466798798,159.49769393636828,-151.20719750021627
765,1156.7542315797273,108.36796441777368,0.6401598592946429,8.708783588696052,8.708783588696052,283.41739725102235,197.77215495437665,-85.57615570747538
766,1195.1350277608417,69.93839396480364,0.6051947617722919,7.124740031950195,7.124740031950195,231.86651216898957,115.79405348750828,-116.04274579796649
767,700.5818118056761,92.32057456095296,0.5250200206251694,8.891176409177842,8.891176409177842,289.3531628986289,170.06138945666657,-119.23040419802109
768,1598.7002469351892,162.19837112010723,0.5606723059136183,11.544768311792717,11.544768311792717,375.7112751132537,335.52159773751623,-40.00728534359786
769,945.0410143838836,110.69011296961101,0.5887655425873837,9.205772469673251,9.205772469673251,299.5913317247283,207.23231411977335,-92.28009340317013
770,903.7997123328425,135.90422711824644,0.5230070759191402,10.914782011242412,10.914782011242412,355.20909179599647,274.43362786086266,-80.63893883153554
771,1149.3229267274182,113.31848504108923,0.5421586610614456,9.747684621377175,9.747684621377175,317.22724264275627,217.5818303762282,-99.55474447437791
772,1251.6821501408836,87.65493626906154,0.44416982460539695,9.461924609167623,9.461924609167623,307.9275100137384,166.02557010034604,-141.83588596599043
773,669.9537301084915,108.79002461240452,0.5778936503512114,9.22301979608051,9.22301979608051,300.1526262281569,203.73986270515093,-96.33490089736208
774,1137.3318598455658,133.48984866695076,0.49944039811709534,11.078903629462555,11.078903629462555,360.55024207201836,271.2823095565544,-89.12974826867787
775,1200.6224966777538,78.16598247721372,0.4612900297525599,8.70700506261127,8.70700506261127,283.35951715459345,142.68809026850042,-140.62161515281582
776,1208.6613272697332,116.98204221486287,0.4706033052335818,10.659500162439846,10.659500162439846,346.90123612175927,233.84981297058158,-112.93936845511507
777,978.52022444258,69.64252506638381,0.46429707991933905,8.178789440452357,8.178789440452357,266.1693441189556,123.33215103835263,-142.79808052350938
778,1267.114949055936,111.50410032213132,0.5500665721381209,9.578586798387335,9.578586798387335,311.7241474763083,212.55118591220668,-99.08683538095457
779,1014.932106154288,100.14126317256353,0.4339678860526553,10.260846870011466,10.260846870011466,333.9275208611968,196.784928504255,-137.0537497428383
780,1209.6485260607606,108.4194588877878,0.5492018847992799,9.44154863330621,9.441548633306212,307.2643971936442,205.37218167452608,-101.81086821096696
781,842.1895471997259,56.93314160257511,0.6097152711753696,6.340540027424848,6.340540027424847,206.34562030812157,88.97918480325689,-117.34734359939893
782,856.3487631974788,82.74448471913759,0.5693478911913994,8.02603097500453,8.02603097500453,261.1979946481203,145.37141270407625,-115.78184800141491
783,882.3962080242611,121.19872768093244,0.5617005949576698,9.897073940883722,9.897073940883722,322.08894711392986,234.46273367894787,-87.52622462826946
784,1205.0707969601433,72.68088577598931,0.6211943985386401,7.146940860874023,7.146940860874023,232.58901274399224,120.72867323285428,-111.82926626354502
785,1078.3751593701568,92.61445721507593,0.5143388467342251,9.0134093767219,9.0134093767219,293.3310949676462,171.59109119262405,-121.67672035092815
786,467.12943013050403,108.17305622961342,0.39706284918179285,11.182142041451275,11.182142041451275,363.910018064173,220.78065766955186,-143.01527597554013
787,594.1989142469397,69.55281627564219,0.6112688374989925,7.06631732440539,7.06631732440539,229.96521199956084,114.68281904705249,-115.25333275055328
788,811.2209818921634,130.67455419833,0.4464198536947702,11.616503001750834,11.616503001750834,378.04579851867254,271.0194445178395,-106.8775704272814
789,487.792612722116,77.66951120102682,0.6235811620006939,7.404785545580113,7.404785545580113,240.98027298029723,131.1514681250963,-109.79312803024823
790,953.2305466189997,89.03425407018798,0.5160018225852787,8.787584680080359,8.787584680080359,285.9818886054371,163.25083762293394,-122.67324901642743
791,1150.5348208502635,122.34797631804922,0.6448499229892927,9.262993850345307,9.262993850345307,301.453536085649,229.5626255653759,-71.80257759851887
792,892.0694062632742,73.47904627835923,0.4586534838876724,8.470468702589958,8.470468702589958,275.66171196404,132.28614920030756,-143.33126957980713
793,1078.0841519748658,80.72482147578778,0.4042849085104957,9.507905923538587,9.507905923538587,309.42391927784223,153.32763941650313,-156.03485114980472
794,1103.1363644649657,99.02695296859098,0.5032796995411587,9.423762109880007,9.423762109880007,306.6855551401865,187.4329865426136,-119.17855026938108
795,772.4513995899791,95.39198571588466,0.40757668557316956,10.32549162253414,10.32549162253414,336.0313103651286,188.06759387167037,-147.87801099916695
796,1267.059523337436,120.70498669447505,0.3153812137761906,13.354925042929656,13.354925042929656,434.62075473577636,265.319812984589,-169.11911587880178
797,721.146741942277,70.06941489819842,0.4349976065593102,8.48736221681302,8.48736221681302,276.211492054768,126.3182335319128,-149.85085044097582
798,974.9686090628917,71.0070956060294,0.4078140186874687,8.83818252457346,8.83818252457346,287.628537560104,130.48569460262306,-157.09620739790978
799,698.8127883755504,104.14534658797888,0.506934433703625,9.641786317221447,9.641786317221447,313.78090350349106,199.15502833479502,-114.54436019635153
800,783.478733998824,103.53641744278796,0.44533199154127345,10.304366551673635,10.304366551673635,335.3438191054079,203.81005057690325,-131.4411281805033
801,918.5034669021841,133.46904180597073,0.6340461051790348,9.765786286611187,9.765786286611187,317.8163406257618,256.7029039265199,-61.00624639458243
802,610.1256289217207,116.5946483575835,0.5811396554491592,9.524305075045598,9.5243050750456,309.9576108996292,221.71078364378988,-88.15779430647225
803,655.5210133742146,116.37555287509721,0.6537931918412553,8.943755237223439,8.943755237223439,291.06428069635837,215.0108011936311,-75.97519450240569
804,663.2365581266758,81.64994357971473,0.6017661466843502,7.744660255560862,7.744660255560862,252.0411065299127,140.9594790941516,-111.04055753726689
805,1081.4485932476944,111.02952550479047,0.5340589216400496,9.70373770268318,9.703737702683178,315.7970404581915,212.91747901067492,-102.79152987179612
806,1117.2087762784433,73.47055743377834,0.6047317706621449,7.312472728455117,7.312472728455117,237.97605797185042,123.25642359554439,-114.68673261037264
807,1350.876997728332,95.41218511863944,0.49565230501861374,9.34003797823255,9.34003797823255,303.9608490733801,179.64623277971077,-124.24457088573189
808,540.6677492332833,110.2850951203567,0.5572057441714144,9.45350914025573,9.45350914025573,307.6536382070315,209.03542198815387,-98.53525777431457
809,981.3426949002067,122.48706719741006,0.46659227690200594,10.976715166619858,10.97671516661986,357.22463547346285,247.91212368692186,-109.18805738141984
810,1169.3817777680802,79.6067132261577,0.4976447849125762,8.444510919570815,8.444510919570815,274.81694561673504,143.26466552932732,-131.5045895537507
811,947.6937226291493,104.50615844081884,0.46304730711666414,10.134388880832748,10.134388880832748,329.8120902973749,204.30619489522513,-125.41546565144697
812,960.5582212984997,116.52094342883012,0.45632357627617826,10.803266662499986,10.803266662499986,351.5799523677137,234.35975363157064,-117.10553773329565
813,518.0268697783962,134.9916780841084,0.6381454078690487,9.789887925649865,9.789887925649865,318.6007008910338,259.9314014411284,-58.56034680933459
814,612.3211914683144,113.79415610490389,0.4497025229448657,10.76280906991434,10.762809069914342,350.2633063088372,228.40341612730276,-121.74875412653617
815,1079.0461645993178,105.88448258026988,0.4765592199683678,10.046920626444882,10.046920626444882,326.96553604002986,206.24641088143062,-120.6290875006674
816,764.8703003240811,86.18917895367481,0.40838080845187574,9.777581522825953,9.777581522825953,318.20020309219046,165.87037675317174,-152.26043849072713
817,750.4533375308665,98.65643419901289,0.4284240010889248,10.238986746259982,10.238986746259982,333.2161081461911,193.7736388566969,-139.3553188153955
818,1204.615619713786,129.74492310671855,0.4419946758629957,11.623273460468203,11.623273460468203,378.2661353508293,269.2600336060532,-108.85820361593431
819,1071.821350160613,109.99370220605867,0.5472002270919274,9.551481062162273,9.551481062162273,310.8420223054117,209.25293731377673,-101.50460908157737
820,1022.7865803748263,114.85364836719445,0.5482248952680657,9.743097134746819,9.743097134746819,317.07794813940137,220.65095518478563,-96.3351839338753
821,628.7012733018107,117.38312128778546,0.5887290837266742,9.505167184815827,9.505167184815827,309.33479015979145,222.8789036439467,-86.36661397539254
822,771.0141687464255,100.75875670895203,0.568332899281107,8.932109254436607,8.932109254436607,290.6852755119652,185.97615727021176,-104.64151642801679
823,937.2058541261915,121.45956095532023,0.7363872494619361,8.582258156517216,8.582258156517216,279.29977183193034,220.24935772882702,-58.97523475953321
824,764.2041902095053,72.3791079369245,0.5303818595604876,7.772983140507835,7.772983140507835,252.9628424132949,125.13875371722835,-127.78741228502557
825,1216.468751537843,95.38267252310462,0.6453260663321034,8.11168371244342,8.11168371244342,263.98546498368637,168.291424688036,-95.64135579820541
826,598.4182600830254,113.85837246063222,0.43941391792411066,10.886213843079071,10.886213843079071,354.27937345099207,229.76785969222686,-124.39773635594932
827,1515.813371862189,139.85030706336238,0.4233343412216652,12.343602426841908,12.34360242684191,401.70841735668205,297.8561931289596,-103.67234744918795
828,835.132859227426,117.19175773959604,0.46128693502104856,10.778421908374566,10.778421908374566,350.7714082722205,235.43670012421222,-115.21991972960419
829,986.3766346203286,100.5077684108482,0.30803268438023435,12.275752299163859,12.27575229916386,399.50031258592827,213.48827539330932,-185.88418568254926
830,995.8486761717288,86.20544451871652,0.4506877177600228,9.302876409206654,9.302876409206654,302.7514683299254,162.06347502642606,-140.6252133258367
831,1433.0896010406443,74.86986211441487,0.5813205186747977,7.53042993925668,7.53042993925668,245.06922600942252,127.52885282247996,-117.50479111281177
832,916.3111209004575,94.40479663008331,0.5790371896051711,8.531706430034102,8.531706430034102,277.6546237351299,170.69917208804017,-106.89771088712737
833,1102.015388370667,111.41225994439063,0.5968184660532861,9.177138100705118,9.177138100705118,298.6594589502794,208.2284989571885,-90.35201819657723
834,900.6074850450032,87.75526530984499,0.3914849473442202,10.101334060763163,10.101334060763163,328.7363589997362,171.28672293453354,-157.37419864152622
835,752.3768410063135,158.9818885061745,0.6244679580736787,10.79698795544373,10.796987955443731,351.37561903070264,319.54521764494604,-31.674139993725646
836,594.6776901375936,73.5508408651286,0.5481866061718491,7.711598570094096,7.711598570094096,250.96515180577816,126.61224438538818,-124.31623006940347
837,1164.1794392133902,110.9776767063473,0.4745044206446302,10.338751216417258,10.338751216417258,336.4628286763468,218.75922731633705,-117.60363500238441
838,962.3637219991299,106.55759048318714,0.508589300629333,9.758959155379753,9.758959155379753,317.59415945147987,204.7163404272545,-112.79236201082526
839,334.2098881757395,95.40400738849613,0.41485935657396866,10.239170403460443,10.239170403460443,333.22208505963846,187.3268275244689,-145.81097712637126
840,1052.5634256725536,159.70518005206821,0.5367481665474304,11.708659136993642,11.708659136993642,381.0449144945399,332.43160263629017,-48.428565143802246
841,905.9410941482806,118.43603003954505,0.5482687887209212,9.910607468919666,9.910607468919666,322.52938029871467,229.1797454884459,-93.25165602457568
842,1126.0283471355524,112.13701186431342,0.7056543564829542,8.442857659160527,8.442857659160527,274.76314214835287,201.47625136953727,-73.21973864791164
843,660.7334694022253,109.47264153622909,0.40736188700184617,11.106160622804945,11.106160622804945,361.437289732729,222.74672302272387,-138.57668314555207
844,1166.6537939026746,81.62626977027811,0.45826331863949155,8.962565109615657,8.962565109615657,291.67642647099285,150.83411120985576,-140.78717271156526
845,911.473025728628,119.51633438689419,0.5918454443942414,9.550992783199414,9.550992783199412,310.82613182525716,227.6177650162519,-83.11658690554569
846,626.2847870660846,101.09868221999697,0.4290420145250827,10.373156854248723,10.373156854248723,337.58252079243204,199.63082611711638,-137.86001630383342
847,622.4485267973996,95.65965899151259,0.46915172115441806,9.601906615097366,9.601906615097366,312.4830642284603,182.6014948002867,-129.8073187356856
848,1728.0149459036566,108.65919650721392,0.36223824992457626,11.73518891798913,11.73518891798913,381.9082958615015,226.5835679065611,-155.1984584170229
849,830.5677987487173,120.42766590858797,0.7088442772869925,8.72873910150224,8.72873910150224,284.06682658208075,219.9756181437642,-64.01407819804189
850,524.2050063286125,62.4015122972191,0.6870965175371783,6.250045905751069,6.250045905751069,203.40059266217227,96.77778064589734,-106.6024888268592
851,1116.8842532112712,82.63414536247268,0.5534629086122436,8.168370765027973,8.168370765027973,265.83028024838075,146.1690932183826,-119.6148974800667
852,209.2756782949367,100.06751013194322,0.5327821172843086,6.424429442488363,6.424429442488363,209.07570533458534,178.62325379449837,-30.41798691125655
853,1277.281041861349,79.72208095414925,0.5085687161403359,8.360194605968626,8.360194605968626,272.0729676657901,142.75041105158655,-129.2757548726774
854,722.3726121821238,105.10767511348634,0.4104653677636976,10.832567682766252,10.832567682766252,352.53352054587396,211.54003584323334,-140.88948991989565
855,877.5697482519338,80.08369210419542,0.5651136241823657,7.92828569409299,7.92828569409299,258.01698632159844,139.79942259706397,-118.17532729722404
856,1257.5353349969996,95.30758860085173,0.5038237994960029,9.235670180728427,9.235670180728427,300.5643185218764,178.69892714282403,-121.79698960960457
857,565.4225756099368,94.00646703986426,0.4949795382958255,9.26084618311787,9.26084618311787,301.3836427131059,176.42751181743614,-124.88829172042617
858,1786.2379273089925,77.76065948451674,0.6464177238752438,7.2454198245076435,7.2454198245076435,235.79389793521995,130.11397259602734,-105.64574592993267
859,1299.0576320397424,105.61272808980273,0.6758620484195134,8.343053378310303,8.343053378310303,271.5151260247468,188.96128085481718,-82.49210045842855
860,1111.631641782059,107.78318391335857,0.49468793469824546,9.940407914190981,9.940407914190981,323.4992016922191,208.98632796123104,-114.4231671103739
861,1367.0706647255884,121.92938467621767,0.43743227125037876,11.300393363435251,11.300393363435251,367.7583720342605,250.13817761608294,-117.48885428748773
862,604.2258416203698,95.94038725208686,0.41999614356023535,10.19346783983723,10.19346783983723,331.7347474196719,188.08728229529427,-143.56347047881906
863,980.9426276153935,124.74876269368278,0.45426983449132097,11.243531906728213,11.243531906728213,365.9078809869542,255.06794075398332,-110.70691855598466
864,987.1529856065275,101.1604546961679,0.5848430882205284,8.827297624336797,8.827297624336797,287.2743009364708,185.59656230184663,-101.61146411011578
865,325.9331998046184,87.86599410469407,0.5211283692279473,8.693579756511951,8.693579756511951,282.92260592890796,160.1984122625464,-122.66837460899728
866,1360.0236869280584,90.1619510498759,0.3123447293958126,11.534688527901842,11.534688527901842,375.3832400798751,186.41731647153682,-188.86471428393244
867,1185.9134337898408,87.29275222348741,0.38103333409096385,10.203785896630388,10.203785896630388,332.07053677202197,171.24912350111782,-160.74483375978767
868,812.6963830860327,96.309492846883,0.43952553354617874,9.989382332034458,9.989382332034458,325.0930180841086,186.98780252816258,-138.02426129924973
869,338.33018287027926,117.94132393774265,0.6274875041278722,9.211381779981759,9.211381779981759,299.77388031051174,220.7949801014185,-78.89470243170166
870,1195.4565974018517,77.24628659150366,0.4798508466052482,8.485864842543528,8.485864842543528,276.1627617224721,139.23489776168896,-136.881128872451
871,998.0436054311626,111.97588779123821,0.5668340488718081,9.44605674636272,9.44605674636272,307.4111085748579,212.14311658486207,-95.18389543773088
872,779.7478603664513,101.63991112827121,0.5457280404615241,9.153092934964436,9.153092934964436,297.87693654387357,189.85817905106217,-107.94711983629085
873,1436.74669664403,114.09013079649446,0.5789056687375519,9.448096011849476,9.448096011849476,307.4774741367844,216.0264441057386,-91.36530835604745
874,1025.1479883788083,128.20918290407008,0.5409762795959497,10.395630174032632,10.395630174032632,338.3138892706903,253.49959137304702,-84.6975278218764
875,741.6736269479288,128.0673994025038,0.5697903272539028,10.119198698424164,10.119198698424164,329.3177431915865,250.12702235608853,-79.08023748047259
876,867.0867936614553,90.41014065201513,0.5296575545140761,8.739502937766465,8.739502937766465,284.41712331725313,165.33599804494972,-119.02307618230128
877,1138.9554385802753,103.94584531262413,0.5311308673442885,9.414761658984578,9.414761658984578,306.39264576416537,196.49018100899394,-109.82491922085259
878,1509.9872123729142,121.43086304469772,0.5190635591265025,10.347333569279753,10.347333569279755,336.7421315302765,239.37873629989733,-97.25383008511596
879,1282.393174230245,79.34952192944921,0.5397927049946809,8.078400423323659,8.078400423323659,262.9022984222254,139.80978204912853,-123.04905035209373
880,1542.7919049199331,95.63908209215252,0.4152366071380915,10.240270289853136,10.240270289853136,333.25787960379193,187.85602300056118,-145.31735026317787
881,804.3733334220818,78.20733925315224,0.42152380918722965,9.145547417879827,9.145547417879827,297.6313763239815,145.9524481636757,-151.6238977754882
882,888.8475704229913,71.88865961642716,0.5015618333949603,7.975546627833493,7.975546627833494,259.55503933393567,125.85592024203297,-133.6607465616196
883,1270.683152135994,81.8448763970616,0.6519283923641769,7.457975567209853,7.457975567209853,242.7112813738912,138.48663219721243,-104.18650583350168
884,1153.2376265582784,120.61161171248115,0.4342165446147863,11.304719842959942,11.304719842959942,367.8991723600074,247.24164738968844,-120.5275043388909
885,1256.3575681199848,78.16132199209375,0.5890247500836508,7.644142382902243,7.644142382902244,248.76986737739853,134.16630965552028,-114.56526778703858
886,1051.5518019380593,111.06502439969567,0.3824405394375148,11.568152785043718,11.568152785043718,376.4722960385512,229.9450013191525,-146.40189336273514
887,731.4790473170185,111.94456436506769,0.4051651995775799,11.261336446864055,11.261336446864055,366.48730937361216,229.20143967797372,-137.16612115112198
888,1138.9618876297368,72.65724387079509,0.5848174212666668,7.384854863148586,7.384854863148586,240.3316517253711,122.6066809014329,-117.69177792966701
889,630.2430055694473,111.04599875359047,0.5625630933646001,9.451008938168064,9.451008938168064,307.57227199083485,210.34246254937935,-97.14632313790446
890,790.9684544711275,111.64053134169454,0.5260442263333556,9.819533264107793,9.819533264107793,319.56547451077074,215.13264414443472,-104.34217428465905
891,838.3474431421785,79.82890631847584,0.3037374308327421,10.974480231650759,10.974480231650759,357.15190207211964,161.61553330126657,-195.45529088329943
892,1104.8950141899081,68.7039445727589,0.5095344199441308,7.7411623935207485,7.7411623935207485,251.9272726120922,118.41896492704322,-133.47378117672167
893,920.9655351753253,113.58285550876391,0.4697954500510136,10.499475513589815,10.499475513589815,341.6934170261104,225.6137960013543,-115.97408278651912
894,901.1656640958726,114.63741408576591,0.5335058029084118,9.886058350115333,9.886058350115333,321.7304573164785,221.55313212635468,-100.08296128512544
895,1094.8467871548335,109.38535179617053,0.3464427876792894,12.078085904045954,12.078085904045953,393.0674859279061,230.68382833798287,-162.2489751485882
896,1227.0366039960945,112.24937588027204,0.3983316871423503,11.387143109042896,11.387143109042896,370.58154324547536,230.84292590255626,-139.61583182963912
897,926.7758578977396,99.21385424744737,0.48655032155982675,9.597429492759662,9.597429492759662,312.3373614047303,189.38889464906686,-122.87152962424614
898,1100.1579899705605,128.62733563662368,0.6081766727672828,9.804001576396729,9.804001576396729,319.06001350566555,247.66533172609232,-71.29056422706881
899,606.3342419705782,112.44139980612097,0.632893331953541,8.943420480423933,8.943420480423933,291.05338641934924,207.6460688915446,-83.33168471355131
900,1116.0425562067608,121.81960850371934,0.7012270445700766,8.848115404465478,8.848115404465478,287.95179177092825,223.73710060038363,-64.13450183151929
901,1307.1128638320945,104.98617191283458,0.6045088474084753,8.8366181157304,8.8366181157304,287.57762566431273,192.80657484388814,-94.70212333037489
902,1043.4663499290673,100.4780608656991,0.46485857642862677,9.908028452969296,9.908028452969296,322.4454491755356,194.4575188145531,-127.90485124234908
903,1469.0240076496325,83.63142668115998,0.6532367724678116,7.538686473359046,7.538686473359046,245.33792546460757,142.2319412201299,-103.06614998951471
904,1149.9592371221115,72.01387650396117,0.5367649292991421,7.703520755222806,7.703520755222806,250.7022685634769,123.9645117052251,-126.70192197655636
905,369.99204770451274,112.51016033662071,0.5885231482988991,9.288910184432813,9.288910184432813,302.29695352489995,211.48863628481652,-90.72662832053749
906,822.2932133043839,102.47095391911165,0.6954157433750286,8.085874594931074,8.085874594931074,263.14553678519616,180.65756973433042,-82.43173060828786
907,848.275988721419,78.82184825886799,0.6481663402462599,7.3247669473162285,7.3247669473162285,238.37615925756538,132.26646569763477,-106.07427510441096
908,1588.7761571592384,100.07391343695694,0.6011463035408356,8.641443552419831,8.641443552419831,281.2258928212914,181.88424973670612,-99.27883563124163
909,1402.4427746592644,85.15031534923232,0.45146941646321315,9.222512233406059,9.222512233406059,300.1361081816732,159.54016318511952,-140.53500841977643
910,1369.2623539464205,133.70028557417018,0.5562880860174355,10.476985247272518,10.476985247272518,340.96149704231334,265.2124592608023,-75.6253417015439
911,736.0556939493838,139.74122223398882,0.4469029102188036,12.010345891784372,12.010345891784372,390.8629647373865,294.0752917749265,-96.61754659503862
912,899.4586656485644,106.84675668979243,0.6554160420714774,8.540631954371678,8.540631954371678,277.94509471205714,193.19162593586842,-84.68798007862478
913,1256.1927929656672,108.29731000723821,0.5463288530118107,9.457420496899774,9.457420496899774,307.7809288336139,205.34237237465584,-102.35702533609688
914,1013.0544005930399,111.16279029037013,0.24704399223056966,14.506712410195393,14.506712410195393,472.10435672133667,252.73845433910495,-219.16824733018805
915,911.0177622790604,104.82643869833562,0.3848985916380493,11.169919868921498,11.169919868921498,363.5122614438755,213.9351599837126,-149.46678928448117
916,1115.896995343468,95.91057558027757,0.675547569831549,7.955407133287457,7.955407133287457,258.8996225276669,167.50628436546197,-91.34240422030712
917,1471.905917564457,90.68388861763674,0.48491622884333047,9.181769934286468,9.181769934286468,298.8101966744123,169.56011477907728,-129.18576191361953
918,977.8157303174822,90.96681047680755,0.5195024984028127,8.863991947650016,8.863991947650016,288.4684757028318,167.39561439474784,-121.01276429812404
919,772.5153793337229,77.38769330124947,0.5622711223900269,7.810041641216101,7.810041641216101,254.16886891628377,134.09056430875515,-120.03871126223629
920,1188.8588752665432,83.91368480680015,0.58953554307626,7.964107530947333,7.964107530947333,259.18276701445967,146.64941334173986,-112.48869220194081
921,810.5266812504005,105.06330476075962,0.5820344012612456,9.016255363552766,9.016255363552766,293.4237143526613,194.77260337520767,-98.57927554427599
922,989.9162305888862,109.09481824282268,0.44835703561124285,10.555486073014201,10.555486073014201,343.5162165949547,217.01733657737702,-126.39642121727942
923,941.0600249715709,95.88281138239319,0.42534216534597613,10.12128577125683,10.12128577125683,329.3856645888842,187.39612371818333,-141.9067887193595
924,946.9677510652654,69.02763402272507,0.45088462528578954,8.26425761704469,8.26425761704469,268.9508081329462,122.87231777007196,-146.038900506284
925,914.5373519890987,94.8764049500924,0.47585025541292214,9.498793916628918,9.498793916628918,309.1273794389807,180.14455061951497,-128.91077059094803
926,981.4707400419613,109.58883036172128,0.5874517074132523,9.168562666531528,9.168562666531528,298.3803812571638,204.78678607137826,-93.51609159160984
927,805.0704319455199,75.93598289221711,0.3957955587756897,9.301907976111249,9.301907976111249,302.7199517829224,142.86129858699124,-159.80336365837692
928,853.8391236415218,92.96157364366982,0.42300039338025425,9.996577646980143,9.996577646980143,325.3271813760928,180.61209984910658,-144.6368280599463
929,611.1650007250316,90.87758345051624,0.5181426620113971,8.883210098429581,8.883210098429581,289.0939084304279,167.29838997970893,-121.73521754317247
930,1178.5088397506695,88.85153893783358,0.4587002177856566,9.343355377718046,9.343355377718046,304.06881004384695,167.54404391012014,-136.4594904260049
931,721.9905073458067,99.37121659250447,0.4151571365809185,10.449673280099567,10.449673280099567,340.07266032118844,196.92980758906276,-143.05139854177546
932,1171.9383439723601,64.28267016131778,0.4640370327547538,7.850757718357154,7.850757718357153,255.4939270592565,111.56791725877302,-143.8927737148404
933,1090.3322017575226,103.67669032645009,0.7693033663980497,7.7396466903909245,7.7396466903909245,251.87794578800882,178.67465128311224,-73.15121340662992
934,1104.9400073703723,79.91890806315979,0.4904535752910927,8.556370008406393,8.556370008406393,278.45727167303994,144.4867684374738,-133.92133684342352
935,467.1260999600645,98.38800501406479,0.4166943942999241,10.378217022004698,10.378217022004698,337.74719816217555,194.36911956133503,-143.2887707365279
936,1274.6170826680486,89.00919450808931,0.48832340842047534,9.047779997220866,9.047779997220866,294.4496474847123,165.40022900809942,-128.98812996566397
937,809.3326475786789,134.77702703706663,0.4678757233882088,11.514852203320437,11.514852203320437,374.7376895932164,278.53374729619804,-96.05317356991935
938,1549.7671130437607,116.28303524236533,0.5482066727335386,9.810338175612129,9.81033817561213,319.2662308767555,224.0511947358412,-95.12078815036284
939,1110.6199441952558,107.87594596432503,0.307232742065439,12.764017402943658,12.764017402943656,415.3903417125436,232.8025589735679,-182.43938455480574
940,916.334981754773,116.90315942368643,0.49511028165258947,10.390368489073799,10.390368489073797,338.1426537541569,230.9462945525984,-107.08999479977442
941,578.4430459589275,98.9519109884506,0.6704105516255492,8.10542449131045,8.10542449131045,263.7817657937527,174.52737113676625,-89.19982386983426
942,1374.0675146604158,98.75991981267937,0.5951449277058086,8.613676497418696,8.613676497418696,280.32224578751243,179.3551094280416,-100.90555484874022
943,890.0478938895844,65.92256826346562,0.40755340118704453,8.505974632956955,8.505974632956955,276.8172118417327,118.96524104427726,-157.81189569488095
944,1468.8666305524594,94.52013836341392,0.4756616020624982,9.478769812669723,9.478769812669723,308.4757178873301,179.32420411583192,-129.08003070186857
945,910.0485411175358,138.08273179146013,0.6625958915362063,9.731821152653843,9.731821152653843,316.7109842042327,264.94641217711904,-51.654451802428866
946,1665.6340700344401,96.81909579199898,0.5295624488747095,9.059478095974029,9.059478095974029,294.8303487235983,180.04497808498917,-114.71853060149061
947,545.0072351737626,129.53868852236548,0.3832220448732065,12.510457355630466,12.510457355630464,407.1385200976824,277.2706391109965,-129.69671567189698
948,1065.0326691287887,78.05394944734311,0.4411133173261304,8.934616046660762,8.934616046660762,290.76685619661345,144.0009238285003,-146.71353418687323
949,748.8212706850899,87.84249478648364,0.44608772968510213,9.434357873477083,9.434357873477083,307.0303821427163,166.29480718923702,-140.66976768108395
950,835.5193615224769,116.66667823560614,0.389513720693748,11.75905207335364,11.75905207335364,382.6848949484721,243.20134906219755,-139.3474167767399
951,1066.16242810416,124.35918304611117,0.44868036354866037,11.270213250450109,11.270213250450109,366.7761947894277,254.79983896088893,-111.84311638137848
952,784.6243327757195,95.38950749639498,0.617972520836071,8.294124158547605,8.294124158547605,269.9227805526803,170.1478162683616,-99.71985489636481
953,1058.2322892860072,89.37571410784803,0.548387665118804,8.55238168105135,8.55238168105135,278.32747612273846,161.59141734309094,-116.68112624420462
954,669.312355049073,113.62719020885896,0.5408607307701767,9.76950970809262,9.76950970809262,317.9375151175136,218.43835428628554,-99.40783563186605
955,907.6574586583348,83.22828403105538,0.4113319077716543,9.566793904922099,9.566793904922099,311.34036125198253,158.58213837624385,-152.6940963797254
956,1160.4452009037732,124.57961004978124,0.43626922529712053,11.446691717028449,11.446691717028449,372.51948455648613,256.9589242060594,-115.42285151332396
957,1137.5160110654454,58.25945962795863,0.44153822693428,7.655119073320598,7.655119073320598,249.127091207468,99.85819339144658,-149.24027451357705
958,990.6823201387294,81.80633166036333,0.40634936252104037,9.559042179910874,9.559042179910874,311.08809023106306,155.6858081781111,-155.3393539998984
959,799.6661330593341,105.84385456652747,0.4812670981593625,10.001230346583451,10.001230346583451,325.4785981610354,205.67576340901587,-119.71365369924507
960,328.53063000250836,57.585996947298675,0.43931348221428246,7.611978092133857,7.611978092133858,247.7231173369183,98.53672747138232,-149.1584190439591
961,1137.3059758160657,45.04990314549531,0.45002698238483696,6.605252780881577,6.605252780881577,214.96039398343015,71.76461667399205,-143.17936194305412
962,842.1256430447736,127.76675556416896,0.46149781882871366,11.282717091670078,11.282717091670078,367.18311799496047,261.71516617194965,-105.33075608167906
963,1114.8966954222785,102.82514280174927,0.2869433520192799,12.881688423989171,12.881688423989171,419.21981045257274,222.87402048610753,-196.201711257085
964,1230.4621649895212,104.30793010912576,0.550826863967459,9.225892883084258,9.225892883084258,300.24612755729027,195.62312306872437,-104.54830287973195
965,2177.8713119308977,58.31774121002823,0.6724696649761108,6.090092988120011,6.090092988120011,198.1951079769696,89.28548583326942,-108.89160428676423
966,913.7657441798933,105.74657808806019,0.49544877546987576,9.855809639509896,9.855809639509896,320.746047640583,204.04750612306208,-116.61203155556322
967,872.729099980587,88.60334143522482,0.5329508735573009,8.635463367277946,8.635463367277946,281.0312745384129,160.98367378334046,-119.99206998575133
968,544.8478909984963,115.01158335043532,0.4583805595114746,10.715330367917629,10.715330367917629,348.7181662777734,230.40132788569372,-118.20550761098747
969,660.9791982878926,90.99974284008373,0.6257149216862573,8.043281995602527,8.043281995602527,261.7594093747595,159.90320818376074,-101.80679031418285
970,839.399473895133,107.1690723641924,0.4269043724284527,10.704517751499441,10.704517751499441,348.36628204830487,214.71566468251464,-133.54708852468696
971,1227.3765549770858,113.71015477580409,0.6848608833296411,8.637013986898904,8.637013986898904,281.0817376797485,206.5337530811899,-74.47669269721519
972,947.3308163502354,113.37309609515813,0.5098067539538944,10.04317608997365,10.04317608997365,326.84367438509497,220.8790857582015,-105.86825542688712
973,1388.7615345589043,85.6233522478254,0.5745005312877282,8.151008830179784,8.151008830179784,265.2652559443777,151.3892588780241,-113.82823876430399
974,941.5908111649954,98.71623645783005,0.5091752484448373,9.345769192675206,9.345769192675204,304.1473648897259,186.18505471912397,-117.88974949714319
975,1075.6721189280033,97.67541913756084,0.5214713183170526,9.18914332220801,9.18914332220801,299.0501551476436,182.7029515927398,-116.27781244695004
976,1473.4354172686553,119.70899371230436,0.5869154592496897,9.598807520769503,9.598807520769503,312.38220774956255,228.5252972139645,-83.76405323545566
977,863.3381421928387,82.21518343543352,0.5955300558237753,7.826241799169822,7.826241799169822,254.6960845205685,142.56616235631128,-112.08768236742159
978,1262.8140377589382,129.45341351501963,0.43960193740307707,11.641554429157733,11.641554429157733,378.86106855963465,268.84453281936646,-109.86850329574315
979,931.1354033918959,67.21031674949131,0.4607528893939127,8.068861579029615,8.068861579029615,262.59186764907935,118.19042734674645,-144.36471167110852
980,1298.9711531738342,90.67009241543605,0.5640479795200823,8.462246752192874,8.462246752192874,275.3941379959725,163.3725307189692,-111.96705837251116
981,942.8490682006566,106.48114056443121,0.3852308610184333,11.270471751980894,11.270471751980894,366.7846074259681,218.03567316367403,-148.63484423731617
982,1025.5628348901703,40.177280581985535,0.4813103841838015,5.987784923518354,5.987784923518354,194.86560907601773,60.85451228173297,-133.9991042063939
983,510.85802688545795,124.11989033093633,0.5777407352764511,9.874183286229862,9.874183286229862,321.3439969498461,239.86921778452285,-81.37285670655871
984,1140.0012945898243,130.4201245431876,0.40510834791751626,12.190875773635414,12.190875773635414,396.73810317884113,276.21584838140615,-120.35864793605623
985,1524.2089593746673,118.6438312852077,0.4763444712781054,10.678977572208094,10.678977572208094,347.53510613649627,237.2790827307036,-110.14195888133267
986,1340.6860441548833,77.87412975176731,0.41754858384723265,9.18718092237901,9.18718092237901,298.9862910905986,145.51309792338236,-153.41789321404326
987,817.4230830280899,89.4204458387197,0.3943442357239747,10.14795610276373,10.14795610276373,330.25362001142094,175.00563303502912,-155.17040234674354
988,1366.9249201285975,94.82291199260337,0.5352504968356879,8.904936755205792,8.904936755205792,289.80097761543703,174.98785469584115,-114.74989335948268
989,828.8945900758958,63.58793398902966,0.5270057358391422,7.2847668318314485,7.2847668318314485,237.07440126748835,106.48445481673836,-130.56168838453905
990,426.32350737406693,98.62731907829063,0.363168496116719,11.161670360510039,11.161670360510039,363.2437906317622,201.15499018843164,-161.98516580938545
991,1596.1827997692424,118.22725444349443,0.510575379127148,10.251306771590688,10.251306771590688,333.6170492739311,232.51120642252837,-101.00115099078732
992,1379.1120032964006,83.07368045068529,0.5543479378670093,8.179131012836972,8.179131012836972,266.1804602013837,147.08387492878853,-119.04992558889421
993,1059.943130115614,105.2804016266734,0.6272353500106768,8.66392169228903,8.66392169228903,281.9574181637102,191.73550920950206,-90.15548656309221
994,1219.7476308339408,105.77447325650047,0.3345112563771704,12.069135753150501,12.069135753150501,392.7762135078307,223.14093932134534,-169.50523140611193
995,711.9861114161608,97.54582132808552,0.5093372374276651,9.298454480585155,9.298454480585155,302.6075617225363,183.43831668871806,-119.09827435133548
996,660.9388825978228,148.23353351156842,0.6516394055253573,10.175349731545614,10.175349731545614,331.14511431617086,290.32355403675933,-40.692247437958656
997,1180.635496117745,101.4407372256749,0.47877910300988485,9.79557462957715,9.79557462957715,318.7857681635861,195.40091314508095,-123.30288575565325
998,714.4244619933293,101.54961037037725,0.525775254014275,9.330299050986135,9.330299050986135,303.6439068294852,191.35549780510993,-112.21401449564925
999,627.4718273555127,106.68352834489795,0.48447409511752515,10.007184492438997,10.007184492438999,325.6723690251343,207.3685358488725,-118.21383687498727
